<map>
<tilerow>
<tilecol>2</tilecol><tilecol>2</tilecol><tilecol>2</tilecol><tilecol>2</tilecol><tilecol>2</tilecol><tilecol>2</tilecol><tilecol>2</tilecol><tilecol>2</tilecol><tilecol>2</tilecol><tilecol>2</tilecol><tilecol>2</tilecol><tilecol>2</tilecol><tilecol>2</tilecol><tilecol>2</tilecol><tilecol>2</tilecol><tilecol>2</tilecol><tilecol>2</tilecol><tilecol>2</tilecol><tilecol>2</tilecol><tilecol>2</tilecol><tilecol>2</tilecol><tilecol>2</tilecol><tilecol>2</tilecol><tilecol>2</tilecol><tilecol>2</tilecol><tilecol>2</tilecol><tilecol>2</tilecol><tilecol>2</tilecol><tilecol>2</tilecol><tilecol>2</tilecol><tilecol>2</tilecol><tilecol>2</tilecol><tilecol>2</tilecol><tilecol>2</tilecol><tilecol>2</tilecol><tilecol>2</tilecol><tilecol>2</tilecol><tilecol>2</tilecol><tilecol>2</tilecol><tilecol>2</tilecol><tilecol>2</tilecol><tilecol>2</tilecol><tilecol>2</tilecol><tilecol>2</tilecol><tilecol>2</tilecol><tilecol>2</tilecol><tilecol>2</tilecol><tilecol>2</tilecol><tilecol>2</tilecol><tilecol>2</tilecol><tilecol>2</tilecol><tilecol>2</tilecol><tilecol>2</tilecol><tilecol>2</tilecol><tilecol>2</tilecol><tilecol>2</tilecol><tilecol>2</tilecol><tilecol>2</tilecol><tilecol>2</tilecol><tilecol>2</tilecol><tilecol>2</tilecol><tilecol>2</tilecol><tilecol>2</tilecol><tilecol>2</tilecol><tilecol>2</tilecol><tilecol>2</tilecol><tilecol>2</tilecol><tilecol>2</tilecol><tilecol>2</tilecol><tilecol>2</tilecol><tilecol>2</tilecol><tilecol>2</tilecol><tilecol>2</tilecol><tilecol>2</tilecol><tilecol>2</tilecol><tilecol>2</tilecol><tilecol>2</tilecol><tilecol>2</tilecol><tilecol>2</tilecol><tilecol>2</tilecol><tilecol>2</tilecol><tilecol>2</tilecol><tilecol>2</tilecol><tilecol>2</tilecol><tilecol>2</tilecol><tilecol>2</tilecol><tilecol>2</tilecol><tilecol>2</tilecol><tilecol>2</tilecol><tilecol>2</tilecol><tilecol>2</tilecol><tilecol>2</tilecol><tilecol>2</tilecol><tilecol>2</tilecol><tilecol>2</tilecol><tilecol>2</tilecol><tilecol>2</tilecol><tilecol>2</tilecol><tilecol>2</tilecol><tilecol>2</tilecol><tilecol>2</tilecol><tilecol>2</tilecol>
</tilerow>
<tilerow>
<tilecol>2</tilecol><tilecol>2</tilecol><tilecol>2</tilecol><tilecol>2</tilecol><tilecol>2</tilecol><tilecol>2</tilecol><tilecol>2</tilecol><tilecol>2</tilecol><tilecol>2</tilecol><tilecol>2</tilecol><tilecol>2</tilecol><tilecol>2</tilecol><tilecol>2</tilecol><tilecol>2</tilecol><tilecol>2</tilecol><tilecol>2</tilecol><tilecol>2</tilecol><tilecol>2</tilecol><tilecol>2</tilecol><tilecol>2</tilecol><tilecol>2</tilecol><tilecol>2</tilecol><tilecol>2</tilecol><tilecol>2</tilecol><tilecol>2</tilecol><tilecol>2</tilecol><tilecol>2</tilecol><tilecol>2</tilecol><tilecol>2</tilecol><tilecol>2</tilecol><tilecol>2</tilecol><tilecol>2</tilecol><tilecol>2</tilecol><tilecol>2</tilecol><tilecol>2</tilecol><tilecol>2</tilecol><tilecol>2</tilecol><tilecol>2</tilecol><tilecol>2</tilecol><tilecol>2</tilecol><tilecol>2</tilecol><tilecol>2</tilecol><tilecol>2</tilecol><tilecol>2</tilecol><tilecol>2</tilecol><tilecol>2</tilecol><tilecol>2</tilecol><tilecol>2</tilecol><tilecol>0</tilecol><tilecol>0</tilecol><tilecol>0</tilecol><tilecol>0</tilecol><tilecol>0</tilecol><tilecol>0</tilecol><tilecol>0</tilecol><tilecol>0</tilecol><tilecol>2</tilecol><tilecol>2</tilecol><tilecol>2</tilecol><tilecol>2</tilecol><tilecol>2</tilecol><tilecol>2</tilecol><tilecol>2</tilecol><tilecol>2</tilecol><tilecol>2</tilecol><tilecol>2</tilecol><tilecol>2</tilecol><tilecol>2</tilecol><tilecol>2</tilecol><tilecol>2</tilecol><tilecol>2</tilecol><tilecol>2</tilecol><tilecol>2</tilecol><tilecol>2</tilecol><tilecol>2</tilecol><tilecol>2</tilecol><tilecol>2</tilecol><tilecol>2</tilecol><tilecol>2</tilecol><tilecol>2</tilecol><tilecol>2</tilecol><tilecol>2</tilecol><tilecol>2</tilecol><tilecol>2</tilecol><tilecol>2</tilecol><tilecol>0</tilecol><tilecol>0</tilecol><tilecol>0</tilecol><tilecol>0</tilecol><tilecol>0</tilecol><tilecol>0</tilecol><tilecol>0</tilecol><tilecol>0</tilecol><tilecol>0</tilecol><tilecol>0</tilecol><tilecol>2</tilecol><tilecol>2</tilecol><tilecol>2</tilecol><tilecol>2</tilecol><tilecol>2</tilecol><tilecol>2</tilecol><tilecol>2</tilecol>
</tilerow>
<tilerow>
<tilecol>2</tilecol><tilecol>2</tilecol><tilecol>2</tilecol><tilecol>2</tilecol><tilecol>2</tilecol><tilecol>2</tilecol><tilecol>2</tilecol><tilecol>2</tilecol><tilecol>2</tilecol><tilecol>2</tilecol><tilecol>2</tilecol><tilecol>2</tilecol><tilecol>2</tilecol><tilecol>2</tilecol><tilecol>2</tilecol><tilecol>2</tilecol><tilecol>2</tilecol><tilecol>2</tilecol><tilecol>2</tilecol><tilecol>2</tilecol><tilecol>2</tilecol><tilecol>2</tilecol><tilecol>2</tilecol><tilecol>2</tilecol><tilecol>2</tilecol><tilecol>2</tilecol><tilecol>2</tilecol><tilecol>2</tilecol><tilecol>2</tilecol><tilecol>2</tilecol><tilecol>2</tilecol><tilecol>2</tilecol><tilecol>2</tilecol><tilecol>2</tilecol><tilecol>2</tilecol><tilecol>2</tilecol><tilecol>2</tilecol><tilecol>2</tilecol><tilecol>2</tilecol><tilecol>2</tilecol><tilecol>2</tilecol><tilecol>2</tilecol><tilecol>2</tilecol><tilecol>2</tilecol><tilecol>2</tilecol><tilecol>2</tilecol><tilecol>2</tilecol><tilecol>2</tilecol><tilecol>0</tilecol><tilecol>0</tilecol><tilecol>0</tilecol><tilecol>0</tilecol><tilecol>0</tilecol><tilecol>0</tilecol><tilecol>0</tilecol><tilecol>0</tilecol><tilecol>2</tilecol><tilecol>2</tilecol><tilecol>2</tilecol><tilecol>2</tilecol><tilecol>2</tilecol><tilecol>2</tilecol><tilecol>2</tilecol><tilecol>2</tilecol><tilecol>2</tilecol><tilecol>2</tilecol><tilecol>2</tilecol><tilecol>2</tilecol><tilecol>2</tilecol><tilecol>2</tilecol><tilecol>2</tilecol><tilecol>2</tilecol><tilecol>2</tilecol><tilecol>2</tilecol><tilecol>2</tilecol><tilecol>2</tilecol><tilecol>2</tilecol><tilecol>2</tilecol><tilecol>2</tilecol><tilecol>2</tilecol><tilecol>2</tilecol><tilecol>2</tilecol><tilecol>2</tilecol><tilecol>2</tilecol><tilecol>2</tilecol><tilecol>0</tilecol><tilecol>0</tilecol><tilecol>0</tilecol><tilecol>0</tilecol><tilecol>0</tilecol><tilecol>0</tilecol><tilecol>0</tilecol><tilecol>0</tilecol><tilecol>0</tilecol><tilecol>0</tilecol><tilecol>2</tilecol><tilecol>2</tilecol><tilecol>2</tilecol><tilecol>2</tilecol><tilecol>2</tilecol><tilecol>2</tilecol><tilecol>2</tilecol>
</tilerow>
<tilerow>
<tilecol>2</tilecol><tilecol>2</tilecol><tilecol>2</tilecol><tilecol>2</tilecol><tilecol>2</tilecol><tilecol>2</tilecol><tilecol>2</tilecol><tilecol>2</tilecol><tilecol>2</tilecol><tilecol>2</tilecol><tilecol>2</tilecol><tilecol>2</tilecol><tilecol>2</tilecol><tilecol>2</tilecol><tilecol>2</tilecol><tilecol>2</tilecol><tilecol>2</tilecol><tilecol>2</tilecol><tilecol>2</tilecol><tilecol>2</tilecol><tilecol>2</tilecol><tilecol>2</tilecol><tilecol>2</tilecol><tilecol>2</tilecol><tilecol>2</tilecol><tilecol>2</tilecol><tilecol>2</tilecol><tilecol>2</tilecol><tilecol>2</tilecol><tilecol>2</tilecol><tilecol>2</tilecol><tilecol>2</tilecol><tilecol>2</tilecol><tilecol>2</tilecol><tilecol>2</tilecol><tilecol>2</tilecol><tilecol>2</tilecol><tilecol>2</tilecol><tilecol>2</tilecol><tilecol>2</tilecol><tilecol>2</tilecol><tilecol>2</tilecol><tilecol>5</tilecol><tilecol>5</tilecol><tilecol>2</tilecol><tilecol>2</tilecol><tilecol>2</tilecol><tilecol>2</tilecol><tilecol>63</tilecol><tilecol>0</tilecol><tilecol>0</tilecol><tilecol>0</tilecol><tilecol>0</tilecol><tilecol>0</tilecol><tilecol>0</tilecol><tilecol>0</tilecol><tilecol>2</tilecol><tilecol>2</tilecol><tilecol>2</tilecol><tilecol>2</tilecol><tilecol>2</tilecol><tilecol>2</tilecol><tilecol>2</tilecol><tilecol>2</tilecol><tilecol>2</tilecol><tilecol>2</tilecol><tilecol>2</tilecol><tilecol>2</tilecol><tilecol>2</tilecol><tilecol>2</tilecol><tilecol>2</tilecol><tilecol>2</tilecol><tilecol>2</tilecol><tilecol>2</tilecol><tilecol>2</tilecol><tilecol>2</tilecol><tilecol>2</tilecol><tilecol>2</tilecol><tilecol>2</tilecol><tilecol>2</tilecol><tilecol>2</tilecol><tilecol>2</tilecol><tilecol>2</tilecol><tilecol>2</tilecol><tilecol>2</tilecol><tilecol>0</tilecol><tilecol>0</tilecol><tilecol>0</tilecol><tilecol>0</tilecol><tilecol>0</tilecol><tilecol>0</tilecol><tilecol>0</tilecol><tilecol>0</tilecol><tilecol>0</tilecol><tilecol>0</tilecol><tilecol>2</tilecol><tilecol>2</tilecol><tilecol>2</tilecol><tilecol>2</tilecol><tilecol>2</tilecol><tilecol>2</tilecol><tilecol>2</tilecol>
</tilerow>
<tilerow>
<tilecol>2</tilecol><tilecol>2</tilecol><tilecol>2</tilecol><tilecol>2</tilecol><tilecol>2</tilecol><tilecol>2</tilecol><tilecol>2</tilecol><tilecol>2</tilecol><tilecol>2</tilecol><tilecol>2</tilecol><tilecol>2</tilecol><tilecol>2</tilecol><tilecol>2</tilecol><tilecol>2</tilecol><tilecol>2</tilecol><tilecol>2</tilecol><tilecol>2</tilecol><tilecol>2</tilecol><tilecol>2</tilecol><tilecol>2</tilecol><tilecol>2</tilecol><tilecol>2</tilecol><tilecol>2</tilecol><tilecol>2</tilecol><tilecol>2</tilecol><tilecol>2</tilecol><tilecol>2</tilecol><tilecol>2</tilecol><tilecol>2</tilecol><tilecol>2</tilecol><tilecol>2</tilecol><tilecol>2</tilecol><tilecol>2</tilecol><tilecol>2</tilecol><tilecol>2</tilecol><tilecol>2</tilecol><tilecol>2</tilecol><tilecol>2</tilecol><tilecol>2</tilecol><tilecol>2</tilecol><tilecol>2</tilecol><tilecol>2</tilecol><tilecol>0</tilecol><tilecol>21</tilecol><tilecol>2</tilecol><tilecol>2</tilecol><tilecol>2</tilecol><tilecol>2</tilecol><tilecol>0</tilecol><tilecol>0</tilecol><tilecol>0</tilecol><tilecol>0</tilecol><tilecol>0</tilecol><tilecol>0</tilecol><tilecol>0</tilecol><tilecol>0</tilecol><tilecol>2</tilecol><tilecol>2</tilecol><tilecol>2</tilecol><tilecol>2</tilecol><tilecol>2</tilecol><tilecol>2</tilecol><tilecol>2</tilecol><tilecol>2</tilecol><tilecol>2</tilecol><tilecol>2</tilecol><tilecol>2</tilecol><tilecol>2</tilecol><tilecol>0</tilecol><tilecol>2</tilecol><tilecol>2</tilecol><tilecol>0</tilecol><tilecol>2</tilecol><tilecol>2</tilecol><tilecol>0</tilecol><tilecol>2</tilecol><tilecol>2</tilecol><tilecol>2</tilecol><tilecol>2</tilecol><tilecol>2</tilecol><tilecol>2</tilecol><tilecol>2</tilecol><tilecol>2</tilecol><tilecol>2</tilecol><tilecol>2</tilecol><tilecol>0</tilecol><tilecol>0</tilecol><tilecol>0</tilecol><tilecol>0</tilecol><tilecol>0</tilecol><tilecol>0</tilecol><tilecol>0</tilecol><tilecol>0</tilecol><tilecol>0</tilecol><tilecol>0</tilecol><tilecol>2</tilecol><tilecol>2</tilecol><tilecol>2</tilecol><tilecol>2</tilecol><tilecol>2</tilecol><tilecol>2</tilecol><tilecol>2</tilecol>
</tilerow>
<tilerow>
<tilecol>2</tilecol><tilecol>2</tilecol><tilecol>2</tilecol><tilecol>2</tilecol><tilecol>2</tilecol><tilecol>2</tilecol><tilecol>2</tilecol><tilecol>2</tilecol><tilecol>2</tilecol><tilecol>2</tilecol><tilecol>2</tilecol><tilecol>2</tilecol><tilecol>2</tilecol><tilecol>2</tilecol><tilecol>2</tilecol><tilecol>2</tilecol><tilecol>2</tilecol><tilecol>2</tilecol><tilecol>2</tilecol><tilecol>2</tilecol><tilecol>2</tilecol><tilecol>2</tilecol><tilecol>2</tilecol><tilecol>2</tilecol><tilecol>2</tilecol><tilecol>2</tilecol><tilecol>2</tilecol><tilecol>2</tilecol><tilecol>2</tilecol><tilecol>2</tilecol><tilecol>2</tilecol><tilecol>2</tilecol><tilecol>2</tilecol><tilecol>2</tilecol><tilecol>2</tilecol><tilecol>2</tilecol><tilecol>2</tilecol><tilecol>2</tilecol><tilecol>2</tilecol><tilecol>2</tilecol><tilecol>63</tilecol><tilecol>0</tilecol><tilecol>0</tilecol><tilecol>50</tilecol><tilecol>0</tilecol><tilecol>2</tilecol><tilecol>2</tilecol><tilecol>2</tilecol><tilecol>0</tilecol><tilecol>0</tilecol><tilecol>0</tilecol><tilecol>0</tilecol><tilecol>0</tilecol><tilecol>0</tilecol><tilecol>0</tilecol><tilecol>0</tilecol><tilecol>2</tilecol><tilecol>2</tilecol><tilecol>2</tilecol><tilecol>2</tilecol><tilecol>2</tilecol><tilecol>2</tilecol><tilecol>2</tilecol><tilecol>2</tilecol><tilecol>2</tilecol><tilecol>0</tilecol><tilecol>0</tilecol><tilecol>0</tilecol><tilecol>53</tilecol><tilecol>0</tilecol><tilecol>0</tilecol><tilecol>0</tilecol><tilecol>0</tilecol><tilecol>0</tilecol><tilecol>0</tilecol><tilecol>0</tilecol><tilecol>0</tilecol><tilecol>0</tilecol><tilecol>2</tilecol><tilecol>2</tilecol><tilecol>2</tilecol><tilecol>2</tilecol><tilecol>2</tilecol><tilecol>2</tilecol><tilecol>2</tilecol><tilecol>0</tilecol><tilecol>0</tilecol><tilecol>0</tilecol><tilecol>0</tilecol><tilecol>0</tilecol><tilecol>0</tilecol><tilecol>0</tilecol><tilecol>0</tilecol><tilecol>0</tilecol><tilecol>0</tilecol><tilecol>2</tilecol><tilecol>2</tilecol><tilecol>2</tilecol><tilecol>2</tilecol><tilecol>2</tilecol><tilecol>2</tilecol><tilecol>2</tilecol>
</tilerow>
<tilerow>
<tilecol>2</tilecol><tilecol>2</tilecol><tilecol>2</tilecol><tilecol>2</tilecol><tilecol>2</tilecol><tilecol>2</tilecol><tilecol>2</tilecol><tilecol>2</tilecol><tilecol>2</tilecol><tilecol>2</tilecol><tilecol>2</tilecol><tilecol>2</tilecol><tilecol>2</tilecol><tilecol>2</tilecol><tilecol>2</tilecol><tilecol>2</tilecol><tilecol>2</tilecol><tilecol>2</tilecol><tilecol>2</tilecol><tilecol>2</tilecol><tilecol>2</tilecol><tilecol>2</tilecol><tilecol>2</tilecol><tilecol>2</tilecol><tilecol>2</tilecol><tilecol>2</tilecol><tilecol>2</tilecol><tilecol>2</tilecol><tilecol>2</tilecol><tilecol>2</tilecol><tilecol>2</tilecol><tilecol>2</tilecol><tilecol>2</tilecol><tilecol>2</tilecol><tilecol>2</tilecol><tilecol>2</tilecol><tilecol>2</tilecol><tilecol>2</tilecol><tilecol>2</tilecol><tilecol>2</tilecol><tilecol>0</tilecol><tilecol>0</tilecol><tilecol>0</tilecol><tilecol>0</tilecol><tilecol>0</tilecol><tilecol>2</tilecol><tilecol>2</tilecol><tilecol>2</tilecol><tilecol>0</tilecol><tilecol>0</tilecol><tilecol>0</tilecol><tilecol>0</tilecol><tilecol>0</tilecol><tilecol>0</tilecol><tilecol>0</tilecol><tilecol>0</tilecol><tilecol>0</tilecol><tilecol>14</tilecol><tilecol>0</tilecol><tilecol>0</tilecol><tilecol>0</tilecol><tilecol>0</tilecol><tilecol>0</tilecol><tilecol>2</tilecol><tilecol>2</tilecol><tilecol>0</tilecol><tilecol>0</tilecol><tilecol>0</tilecol><tilecol>0</tilecol><tilecol>0</tilecol><tilecol>0</tilecol><tilecol>0</tilecol><tilecol>0</tilecol><tilecol>0</tilecol><tilecol>0</tilecol><tilecol>0</tilecol><tilecol>0</tilecol><tilecol>0</tilecol><tilecol>2</tilecol><tilecol>2</tilecol><tilecol>0</tilecol><tilecol>0</tilecol><tilecol>0</tilecol><tilecol>2</tilecol><tilecol>2</tilecol><tilecol>0</tilecol><tilecol>0</tilecol><tilecol>0</tilecol><tilecol>0</tilecol><tilecol>0</tilecol><tilecol>0</tilecol><tilecol>0</tilecol><tilecol>0</tilecol><tilecol>0</tilecol><tilecol>0</tilecol><tilecol>2</tilecol><tilecol>2</tilecol><tilecol>2</tilecol><tilecol>2</tilecol><tilecol>2</tilecol><tilecol>2</tilecol><tilecol>2</tilecol>
</tilerow>
<tilerow>
<tilecol>2</tilecol><tilecol>2</tilecol><tilecol>2</tilecol><tilecol>2</tilecol><tilecol>2</tilecol><tilecol>2</tilecol><tilecol>2</tilecol><tilecol>2</tilecol><tilecol>2</tilecol><tilecol>2</tilecol><tilecol>2</tilecol><tilecol>2</tilecol><tilecol>2</tilecol><tilecol>2</tilecol><tilecol>2</tilecol><tilecol>2</tilecol><tilecol>2</tilecol><tilecol>2</tilecol><tilecol>2</tilecol><tilecol>2</tilecol><tilecol>2</tilecol><tilecol>2</tilecol><tilecol>2</tilecol><tilecol>2</tilecol><tilecol>2</tilecol><tilecol>2</tilecol><tilecol>2</tilecol><tilecol>2</tilecol><tilecol>2</tilecol><tilecol>2</tilecol><tilecol>2</tilecol><tilecol>2</tilecol><tilecol>2</tilecol><tilecol>2</tilecol><tilecol>2</tilecol><tilecol>2</tilecol><tilecol>2</tilecol><tilecol>2</tilecol><tilecol>2</tilecol><tilecol>2</tilecol><tilecol>0</tilecol><tilecol>46</tilecol><tilecol>46</tilecol><tilecol>46</tilecol><tilecol>45</tilecol><tilecol>0</tilecol><tilecol>0</tilecol><tilecol>0</tilecol><tilecol>50</tilecol><tilecol>0</tilecol><tilecol>25</tilecol><tilecol>0</tilecol><tilecol>25</tilecol><tilecol>0</tilecol><tilecol>25</tilecol><tilecol>0</tilecol><tilecol>0</tilecol><tilecol>2</tilecol><tilecol>2</tilecol><tilecol>2</tilecol><tilecol>0</tilecol><tilecol>51</tilecol><tilecol>0</tilecol><tilecol>0</tilecol><tilecol>0</tilecol><tilecol>0</tilecol><tilecol>0</tilecol><tilecol>46</tilecol><tilecol>0</tilecol><tilecol>46</tilecol><tilecol>0</tilecol><tilecol>53</tilecol><tilecol>46</tilecol><tilecol>46</tilecol><tilecol>0</tilecol><tilecol>46</tilecol><tilecol>0</tilecol><tilecol>0</tilecol><tilecol>0</tilecol><tilecol>0</tilecol><tilecol>0</tilecol><tilecol>51</tilecol><tilecol>0</tilecol><tilecol>0</tilecol><tilecol>0</tilecol><tilecol>0</tilecol><tilecol>0</tilecol><tilecol>0</tilecol><tilecol>0</tilecol><tilecol>0</tilecol><tilecol>0</tilecol><tilecol>0</tilecol><tilecol>0</tilecol><tilecol>0</tilecol><tilecol>0</tilecol><tilecol>2</tilecol><tilecol>2</tilecol><tilecol>2</tilecol><tilecol>2</tilecol><tilecol>2</tilecol><tilecol>2</tilecol><tilecol>2</tilecol>
</tilerow>
<tilerow>
<tilecol>2</tilecol><tilecol>2</tilecol><tilecol>2</tilecol><tilecol>2</tilecol><tilecol>2</tilecol><tilecol>2</tilecol><tilecol>2</tilecol><tilecol>2</tilecol><tilecol>2</tilecol><tilecol>2</tilecol><tilecol>2</tilecol><tilecol>2</tilecol><tilecol>2</tilecol><tilecol>2</tilecol><tilecol>2</tilecol><tilecol>2</tilecol><tilecol>2</tilecol><tilecol>2</tilecol><tilecol>2</tilecol><tilecol>2</tilecol><tilecol>2</tilecol><tilecol>2</tilecol><tilecol>2</tilecol><tilecol>2</tilecol><tilecol>2</tilecol><tilecol>2</tilecol><tilecol>2</tilecol><tilecol>2</tilecol><tilecol>2</tilecol><tilecol>2</tilecol><tilecol>2</tilecol><tilecol>2</tilecol><tilecol>2</tilecol><tilecol>2</tilecol><tilecol>2</tilecol><tilecol>2</tilecol><tilecol>2</tilecol><tilecol>2</tilecol><tilecol>2</tilecol><tilecol>2</tilecol><tilecol>2</tilecol><tilecol>2</tilecol><tilecol>2</tilecol><tilecol>2</tilecol><tilecol>2</tilecol><tilecol>2</tilecol><tilecol>2</tilecol><tilecol>2</tilecol><tilecol>2</tilecol><tilecol>3</tilecol><tilecol>3</tilecol><tilecol>3</tilecol><tilecol>3</tilecol><tilecol>3</tilecol><tilecol>3</tilecol><tilecol>3</tilecol><tilecol>2</tilecol><tilecol>2</tilecol><tilecol>2</tilecol><tilecol>2</tilecol><tilecol>2</tilecol><tilecol>2</tilecol><tilecol>2</tilecol><tilecol>2</tilecol><tilecol>2</tilecol><tilecol>2</tilecol><tilecol>2</tilecol><tilecol>2</tilecol><tilecol>3</tilecol><tilecol>2</tilecol><tilecol>2</tilecol><tilecol>3</tilecol><tilecol>2</tilecol><tilecol>2</tilecol><tilecol>3</tilecol><tilecol>2</tilecol><tilecol>2</tilecol><tilecol>2</tilecol><tilecol>2</tilecol><tilecol>2</tilecol><tilecol>2</tilecol><tilecol>2</tilecol><tilecol>2</tilecol><tilecol>2</tilecol><tilecol>2</tilecol><tilecol>2</tilecol><tilecol>2</tilecol><tilecol>46</tilecol><tilecol>45</tilecol><tilecol>0</tilecol><tilecol>0</tilecol><tilecol>62</tilecol><tilecol>0</tilecol><tilecol>0</tilecol><tilecol>2</tilecol><tilecol>2</tilecol><tilecol>2</tilecol><tilecol>2</tilecol><tilecol>2</tilecol><tilecol>2</tilecol><tilecol>2</tilecol><tilecol>2</tilecol>
</tilerow>
<tilerow>
<tilecol>2</tilecol><tilecol>2</tilecol><tilecol>2</tilecol><tilecol>2</tilecol><tilecol>2</tilecol><tilecol>2</tilecol><tilecol>2</tilecol><tilecol>2</tilecol><tilecol>2</tilecol><tilecol>2</tilecol><tilecol>2</tilecol><tilecol>2</tilecol><tilecol>2</tilecol><tilecol>2</tilecol><tilecol>2</tilecol><tilecol>2</tilecol><tilecol>2</tilecol><tilecol>2</tilecol><tilecol>2</tilecol><tilecol>2</tilecol><tilecol>2</tilecol><tilecol>2</tilecol><tilecol>2</tilecol><tilecol>2</tilecol><tilecol>2</tilecol><tilecol>2</tilecol><tilecol>2</tilecol><tilecol>2</tilecol><tilecol>2</tilecol><tilecol>2</tilecol><tilecol>2</tilecol><tilecol>2</tilecol><tilecol>2</tilecol><tilecol>2</tilecol><tilecol>2</tilecol><tilecol>2</tilecol><tilecol>2</tilecol><tilecol>2</tilecol><tilecol>2</tilecol><tilecol>2</tilecol><tilecol>2</tilecol><tilecol>2</tilecol><tilecol>2</tilecol><tilecol>2</tilecol><tilecol>2</tilecol><tilecol>2</tilecol><tilecol>2</tilecol><tilecol>2</tilecol><tilecol>2</tilecol><tilecol>0</tilecol><tilecol>0</tilecol><tilecol>0</tilecol><tilecol>0</tilecol><tilecol>0</tilecol><tilecol>0</tilecol><tilecol>0</tilecol><tilecol>2</tilecol><tilecol>2</tilecol><tilecol>2</tilecol><tilecol>2</tilecol><tilecol>2</tilecol><tilecol>2</tilecol><tilecol>2</tilecol><tilecol>2</tilecol><tilecol>2</tilecol><tilecol>2</tilecol><tilecol>2</tilecol><tilecol>2</tilecol><tilecol>0</tilecol><tilecol>2</tilecol><tilecol>2</tilecol><tilecol>0</tilecol><tilecol>2</tilecol><tilecol>2</tilecol><tilecol>53</tilecol><tilecol>2</tilecol><tilecol>2</tilecol><tilecol>2</tilecol><tilecol>2</tilecol><tilecol>2</tilecol><tilecol>2</tilecol><tilecol>2</tilecol><tilecol>2</tilecol><tilecol>2</tilecol><tilecol>2</tilecol><tilecol>2</tilecol><tilecol>2</tilecol><tilecol>2</tilecol><tilecol>2</tilecol><tilecol>2</tilecol><tilecol>0</tilecol><tilecol>2</tilecol><tilecol>2</tilecol><tilecol>2</tilecol><tilecol>2</tilecol><tilecol>2</tilecol><tilecol>2</tilecol><tilecol>2</tilecol><tilecol>2</tilecol><tilecol>2</tilecol><tilecol>2</tilecol><tilecol>2</tilecol>
</tilerow>
<tilerow>
<tilecol>2</tilecol><tilecol>2</tilecol><tilecol>2</tilecol><tilecol>2</tilecol><tilecol>2</tilecol><tilecol>2</tilecol><tilecol>2</tilecol><tilecol>2</tilecol><tilecol>2</tilecol><tilecol>2</tilecol><tilecol>2</tilecol><tilecol>2</tilecol><tilecol>2</tilecol><tilecol>2</tilecol><tilecol>2</tilecol><tilecol>2</tilecol><tilecol>2</tilecol><tilecol>2</tilecol><tilecol>2</tilecol><tilecol>2</tilecol><tilecol>2</tilecol><tilecol>2</tilecol><tilecol>2</tilecol><tilecol>2</tilecol><tilecol>2</tilecol><tilecol>2</tilecol><tilecol>2</tilecol><tilecol>2</tilecol><tilecol>2</tilecol><tilecol>2</tilecol><tilecol>2</tilecol><tilecol>2</tilecol><tilecol>2</tilecol><tilecol>2</tilecol><tilecol>2</tilecol><tilecol>2</tilecol><tilecol>2</tilecol><tilecol>2</tilecol><tilecol>2</tilecol><tilecol>2</tilecol><tilecol>2</tilecol><tilecol>2</tilecol><tilecol>2</tilecol><tilecol>2</tilecol><tilecol>2</tilecol><tilecol>2</tilecol><tilecol>2</tilecol><tilecol>2</tilecol><tilecol>2</tilecol><tilecol>4</tilecol><tilecol>4</tilecol><tilecol>4</tilecol><tilecol>4</tilecol><tilecol>4</tilecol><tilecol>4</tilecol><tilecol>4</tilecol><tilecol>2</tilecol><tilecol>2</tilecol><tilecol>2</tilecol><tilecol>2</tilecol><tilecol>2</tilecol><tilecol>2</tilecol><tilecol>2</tilecol><tilecol>2</tilecol><tilecol>2</tilecol><tilecol>2</tilecol><tilecol>2</tilecol><tilecol>2</tilecol><tilecol>4</tilecol><tilecol>2</tilecol><tilecol>2</tilecol><tilecol>4</tilecol><tilecol>2</tilecol><tilecol>2</tilecol><tilecol>4</tilecol><tilecol>2</tilecol><tilecol>2</tilecol><tilecol>2</tilecol><tilecol>2</tilecol><tilecol>2</tilecol><tilecol>2</tilecol><tilecol>2</tilecol><tilecol>2</tilecol><tilecol>2</tilecol><tilecol>2</tilecol><tilecol>2</tilecol><tilecol>0</tilecol><tilecol>0</tilecol><tilecol>0</tilecol><tilecol>0</tilecol><tilecol>0</tilecol><tilecol>2</tilecol><tilecol>2</tilecol><tilecol>2</tilecol><tilecol>2</tilecol><tilecol>2</tilecol><tilecol>2</tilecol><tilecol>2</tilecol><tilecol>2</tilecol><tilecol>2</tilecol><tilecol>2</tilecol><tilecol>2</tilecol>
</tilerow>
<tilerow>
<tilecol>2</tilecol><tilecol>2</tilecol><tilecol>2</tilecol><tilecol>2</tilecol><tilecol>2</tilecol><tilecol>2</tilecol><tilecol>2</tilecol><tilecol>2</tilecol><tilecol>2</tilecol><tilecol>2</tilecol><tilecol>2</tilecol><tilecol>2</tilecol><tilecol>0</tilecol><tilecol>0</tilecol><tilecol>0</tilecol><tilecol>0</tilecol><tilecol>0</tilecol><tilecol>0</tilecol><tilecol>0</tilecol><tilecol>0</tilecol><tilecol>0</tilecol><tilecol>0</tilecol><tilecol>2</tilecol><tilecol>2</tilecol><tilecol>2</tilecol><tilecol>2</tilecol><tilecol>2</tilecol><tilecol>2</tilecol><tilecol>2</tilecol><tilecol>2</tilecol><tilecol>2</tilecol><tilecol>2</tilecol><tilecol>2</tilecol><tilecol>2</tilecol><tilecol>2</tilecol><tilecol>2</tilecol><tilecol>2</tilecol><tilecol>2</tilecol><tilecol>2</tilecol><tilecol>2</tilecol><tilecol>2</tilecol><tilecol>2</tilecol><tilecol>2</tilecol><tilecol>2</tilecol><tilecol>2</tilecol><tilecol>2</tilecol><tilecol>2</tilecol><tilecol>2</tilecol><tilecol>2</tilecol><tilecol>2</tilecol><tilecol>2</tilecol><tilecol>2</tilecol><tilecol>2</tilecol><tilecol>2</tilecol><tilecol>2</tilecol><tilecol>2</tilecol><tilecol>2</tilecol><tilecol>2</tilecol><tilecol>2</tilecol><tilecol>2</tilecol><tilecol>2</tilecol><tilecol>2</tilecol><tilecol>2</tilecol><tilecol>2</tilecol><tilecol>2</tilecol><tilecol>2</tilecol><tilecol>2</tilecol><tilecol>2</tilecol><tilecol>2</tilecol><tilecol>2</tilecol><tilecol>2</tilecol><tilecol>2</tilecol><tilecol>2</tilecol><tilecol>2</tilecol><tilecol>2</tilecol><tilecol>2</tilecol><tilecol>2</tilecol><tilecol>2</tilecol><tilecol>2</tilecol><tilecol>2</tilecol><tilecol>2</tilecol><tilecol>2</tilecol><tilecol>2</tilecol><tilecol>2</tilecol><tilecol>2</tilecol><tilecol>2</tilecol><tilecol>62</tilecol><tilecol>0</tilecol><tilecol>0</tilecol><tilecol>46</tilecol><tilecol>0</tilecol><tilecol>2</tilecol><tilecol>2</tilecol><tilecol>2</tilecol><tilecol>2</tilecol><tilecol>2</tilecol><tilecol>2</tilecol><tilecol>2</tilecol><tilecol>2</tilecol><tilecol>2</tilecol><tilecol>2</tilecol><tilecol>2</tilecol>
</tilerow>
<tilerow>
<tilecol>2</tilecol><tilecol>2</tilecol><tilecol>2</tilecol><tilecol>2</tilecol><tilecol>2</tilecol><tilecol>2</tilecol><tilecol>2</tilecol><tilecol>2</tilecol><tilecol>2</tilecol><tilecol>2</tilecol><tilecol>2</tilecol><tilecol>2</tilecol><tilecol>0</tilecol><tilecol>0</tilecol><tilecol>0</tilecol><tilecol>0</tilecol><tilecol>0</tilecol><tilecol>0</tilecol><tilecol>0</tilecol><tilecol>0</tilecol><tilecol>0</tilecol><tilecol>0</tilecol><tilecol>2</tilecol><tilecol>2</tilecol><tilecol>2</tilecol><tilecol>2</tilecol><tilecol>2</tilecol><tilecol>2</tilecol><tilecol>2</tilecol><tilecol>2</tilecol><tilecol>2</tilecol><tilecol>2</tilecol><tilecol>2</tilecol><tilecol>2</tilecol><tilecol>2</tilecol><tilecol>2</tilecol><tilecol>2</tilecol><tilecol>2</tilecol><tilecol>2</tilecol><tilecol>2</tilecol><tilecol>2</tilecol><tilecol>2</tilecol><tilecol>2</tilecol><tilecol>2</tilecol><tilecol>2</tilecol><tilecol>2</tilecol><tilecol>2</tilecol><tilecol>2</tilecol><tilecol>2</tilecol><tilecol>2</tilecol><tilecol>2</tilecol><tilecol>2</tilecol><tilecol>2</tilecol><tilecol>2</tilecol><tilecol>2</tilecol><tilecol>2</tilecol><tilecol>2</tilecol><tilecol>2</tilecol><tilecol>2</tilecol><tilecol>2</tilecol><tilecol>2</tilecol><tilecol>2</tilecol><tilecol>2</tilecol><tilecol>2</tilecol><tilecol>2</tilecol><tilecol>2</tilecol><tilecol>2</tilecol><tilecol>2</tilecol><tilecol>2</tilecol><tilecol>2</tilecol><tilecol>2</tilecol><tilecol>2</tilecol><tilecol>2</tilecol><tilecol>2</tilecol><tilecol>2</tilecol><tilecol>2</tilecol><tilecol>2</tilecol><tilecol>2</tilecol><tilecol>2</tilecol><tilecol>2</tilecol><tilecol>2</tilecol><tilecol>2</tilecol><tilecol>2</tilecol><tilecol>2</tilecol><tilecol>2</tilecol><tilecol>2</tilecol><tilecol>2</tilecol><tilecol>0</tilecol><tilecol>2</tilecol><tilecol>2</tilecol><tilecol>2</tilecol><tilecol>2</tilecol><tilecol>2</tilecol><tilecol>2</tilecol><tilecol>2</tilecol><tilecol>2</tilecol><tilecol>2</tilecol><tilecol>2</tilecol><tilecol>2</tilecol><tilecol>2</tilecol><tilecol>2</tilecol><tilecol>2</tilecol>
</tilerow>
<tilerow>
<tilecol>2</tilecol><tilecol>2</tilecol><tilecol>2</tilecol><tilecol>2</tilecol><tilecol>2</tilecol><tilecol>2</tilecol><tilecol>2</tilecol><tilecol>2</tilecol><tilecol>2</tilecol><tilecol>2</tilecol><tilecol>2</tilecol><tilecol>2</tilecol><tilecol>0</tilecol><tilecol>0</tilecol><tilecol>0</tilecol><tilecol>0</tilecol><tilecol>0</tilecol><tilecol>0</tilecol><tilecol>0</tilecol><tilecol>0</tilecol><tilecol>0</tilecol><tilecol>0</tilecol><tilecol>2</tilecol><tilecol>2</tilecol><tilecol>2</tilecol><tilecol>2</tilecol><tilecol>2</tilecol><tilecol>2</tilecol><tilecol>2</tilecol><tilecol>2</tilecol><tilecol>2</tilecol><tilecol>2</tilecol><tilecol>2</tilecol><tilecol>2</tilecol><tilecol>2</tilecol><tilecol>2</tilecol><tilecol>2</tilecol><tilecol>0</tilecol><tilecol>0</tilecol><tilecol>0</tilecol><tilecol>0</tilecol><tilecol>0</tilecol><tilecol>0</tilecol><tilecol>2</tilecol><tilecol>2</tilecol><tilecol>2</tilecol><tilecol>2</tilecol><tilecol>2</tilecol><tilecol>2</tilecol><tilecol>2</tilecol><tilecol>2</tilecol><tilecol>2</tilecol><tilecol>2</tilecol><tilecol>2</tilecol><tilecol>2</tilecol><tilecol>2</tilecol><tilecol>2</tilecol><tilecol>2</tilecol><tilecol>2</tilecol><tilecol>2</tilecol><tilecol>2</tilecol><tilecol>2</tilecol><tilecol>2</tilecol><tilecol>2</tilecol><tilecol>2</tilecol><tilecol>2</tilecol><tilecol>2</tilecol><tilecol>2</tilecol><tilecol>2</tilecol><tilecol>2</tilecol><tilecol>2</tilecol><tilecol>2</tilecol><tilecol>2</tilecol><tilecol>2</tilecol><tilecol>2</tilecol><tilecol>2</tilecol><tilecol>2</tilecol><tilecol>2</tilecol><tilecol>2</tilecol><tilecol>2</tilecol><tilecol>2</tilecol><tilecol>2</tilecol><tilecol>2</tilecol><tilecol>2</tilecol><tilecol>2</tilecol><tilecol>2</tilecol><tilecol>2</tilecol><tilecol>0</tilecol><tilecol>2</tilecol><tilecol>2</tilecol><tilecol>2</tilecol><tilecol>2</tilecol><tilecol>2</tilecol><tilecol>2</tilecol><tilecol>2</tilecol><tilecol>2</tilecol><tilecol>2</tilecol><tilecol>2</tilecol><tilecol>2</tilecol><tilecol>2</tilecol><tilecol>2</tilecol><tilecol>2</tilecol>
</tilerow>
<tilerow>
<tilecol>2</tilecol><tilecol>2</tilecol><tilecol>2</tilecol><tilecol>2</tilecol><tilecol>2</tilecol><tilecol>2</tilecol><tilecol>2</tilecol><tilecol>2</tilecol><tilecol>2</tilecol><tilecol>2</tilecol><tilecol>2</tilecol><tilecol>2</tilecol><tilecol>0</tilecol><tilecol>0</tilecol><tilecol>0</tilecol><tilecol>0</tilecol><tilecol>0</tilecol><tilecol>0</tilecol><tilecol>0</tilecol><tilecol>0</tilecol><tilecol>0</tilecol><tilecol>0</tilecol><tilecol>2</tilecol><tilecol>2</tilecol><tilecol>2</tilecol><tilecol>2</tilecol><tilecol>2</tilecol><tilecol>2</tilecol><tilecol>2</tilecol><tilecol>2</tilecol><tilecol>2</tilecol><tilecol>2</tilecol><tilecol>2</tilecol><tilecol>2</tilecol><tilecol>2</tilecol><tilecol>2</tilecol><tilecol>2</tilecol><tilecol>0</tilecol><tilecol>0</tilecol><tilecol>0</tilecol><tilecol>0</tilecol><tilecol>0</tilecol><tilecol>0</tilecol><tilecol>2</tilecol><tilecol>2</tilecol><tilecol>2</tilecol><tilecol>2</tilecol><tilecol>2</tilecol><tilecol>2</tilecol><tilecol>2</tilecol><tilecol>2</tilecol><tilecol>2</tilecol><tilecol>2</tilecol><tilecol>2</tilecol><tilecol>2</tilecol><tilecol>2</tilecol><tilecol>2</tilecol><tilecol>2</tilecol><tilecol>2</tilecol><tilecol>2</tilecol><tilecol>2</tilecol><tilecol>2</tilecol><tilecol>2</tilecol><tilecol>2</tilecol><tilecol>2</tilecol><tilecol>2</tilecol><tilecol>2</tilecol><tilecol>2</tilecol><tilecol>2</tilecol><tilecol>2</tilecol><tilecol>2</tilecol><tilecol>2</tilecol><tilecol>2</tilecol><tilecol>2</tilecol><tilecol>2</tilecol><tilecol>2</tilecol><tilecol>2</tilecol><tilecol>2</tilecol><tilecol>2</tilecol><tilecol>2</tilecol><tilecol>2</tilecol><tilecol>2</tilecol><tilecol>2</tilecol><tilecol>2</tilecol><tilecol>2</tilecol><tilecol>2</tilecol><tilecol>2</tilecol><tilecol>0</tilecol><tilecol>2</tilecol><tilecol>2</tilecol><tilecol>2</tilecol><tilecol>2</tilecol><tilecol>2</tilecol><tilecol>2</tilecol><tilecol>2</tilecol><tilecol>2</tilecol><tilecol>2</tilecol><tilecol>2</tilecol><tilecol>2</tilecol><tilecol>2</tilecol><tilecol>2</tilecol><tilecol>2</tilecol>
</tilerow>
<tilerow>
<tilecol>2</tilecol><tilecol>2</tilecol><tilecol>2</tilecol><tilecol>2</tilecol><tilecol>2</tilecol><tilecol>2</tilecol><tilecol>2</tilecol><tilecol>2</tilecol><tilecol>2</tilecol><tilecol>2</tilecol><tilecol>2</tilecol><tilecol>2</tilecol><tilecol>0</tilecol><tilecol>0</tilecol><tilecol>0</tilecol><tilecol>0</tilecol><tilecol>0</tilecol><tilecol>0</tilecol><tilecol>0</tilecol><tilecol>0</tilecol><tilecol>0</tilecol><tilecol>0</tilecol><tilecol>2</tilecol><tilecol>2</tilecol><tilecol>2</tilecol><tilecol>2</tilecol><tilecol>2</tilecol><tilecol>26</tilecol><tilecol>26</tilecol><tilecol>26</tilecol><tilecol>26</tilecol><tilecol>26</tilecol><tilecol>2</tilecol><tilecol>2</tilecol><tilecol>2</tilecol><tilecol>2</tilecol><tilecol>2</tilecol><tilecol>0</tilecol><tilecol>0</tilecol><tilecol>0</tilecol><tilecol>0</tilecol><tilecol>0</tilecol><tilecol>0</tilecol><tilecol>2</tilecol><tilecol>2</tilecol><tilecol>2</tilecol><tilecol>2</tilecol><tilecol>2</tilecol><tilecol>2</tilecol><tilecol>2</tilecol><tilecol>2</tilecol><tilecol>2</tilecol><tilecol>2</tilecol><tilecol>2</tilecol><tilecol>2</tilecol><tilecol>2</tilecol><tilecol>2</tilecol><tilecol>2</tilecol><tilecol>2</tilecol><tilecol>2</tilecol><tilecol>2</tilecol><tilecol>2</tilecol><tilecol>2</tilecol><tilecol>2</tilecol><tilecol>2</tilecol><tilecol>2</tilecol><tilecol>2</tilecol><tilecol>2</tilecol><tilecol>2</tilecol><tilecol>2</tilecol><tilecol>2</tilecol><tilecol>2</tilecol><tilecol>2</tilecol><tilecol>2</tilecol><tilecol>2</tilecol><tilecol>2</tilecol><tilecol>0</tilecol><tilecol>64</tilecol><tilecol>52</tilecol><tilecol>0</tilecol><tilecol>2</tilecol><tilecol>0</tilecol><tilecol>0</tilecol><tilecol>0</tilecol><tilecol>0</tilecol><tilecol>2</tilecol><tilecol>2</tilecol><tilecol>0</tilecol><tilecol>2</tilecol><tilecol>2</tilecol><tilecol>2</tilecol><tilecol>2</tilecol><tilecol>2</tilecol><tilecol>2</tilecol><tilecol>2</tilecol><tilecol>2</tilecol><tilecol>2</tilecol><tilecol>2</tilecol><tilecol>2</tilecol><tilecol>2</tilecol><tilecol>2</tilecol><tilecol>2</tilecol>
</tilerow>
<tilerow>
<tilecol>2</tilecol><tilecol>2</tilecol><tilecol>2</tilecol><tilecol>2</tilecol><tilecol>2</tilecol><tilecol>2</tilecol><tilecol>2</tilecol><tilecol>2</tilecol><tilecol>2</tilecol><tilecol>2</tilecol><tilecol>2</tilecol><tilecol>2</tilecol><tilecol>0</tilecol><tilecol>0</tilecol><tilecol>0</tilecol><tilecol>0</tilecol><tilecol>0</tilecol><tilecol>0</tilecol><tilecol>0</tilecol><tilecol>0</tilecol><tilecol>0</tilecol><tilecol>0</tilecol><tilecol>0</tilecol><tilecol>0</tilecol><tilecol>0</tilecol><tilecol>0</tilecol><tilecol>0</tilecol><tilecol>0</tilecol><tilecol>0</tilecol><tilecol>0</tilecol><tilecol>0</tilecol><tilecol>0</tilecol><tilecol>0</tilecol><tilecol>0</tilecol><tilecol>0</tilecol><tilecol>0</tilecol><tilecol>0</tilecol><tilecol>0</tilecol><tilecol>0</tilecol><tilecol>0</tilecol><tilecol>0</tilecol><tilecol>0</tilecol><tilecol>0</tilecol><tilecol>0</tilecol><tilecol>0</tilecol><tilecol>0</tilecol><tilecol>0</tilecol><tilecol>0</tilecol><tilecol>0</tilecol><tilecol>0</tilecol><tilecol>0</tilecol><tilecol>0</tilecol><tilecol>0</tilecol><tilecol>0</tilecol><tilecol>0</tilecol><tilecol>0</tilecol><tilecol>0</tilecol><tilecol>0</tilecol><tilecol>0</tilecol><tilecol>0</tilecol><tilecol>0</tilecol><tilecol>0</tilecol><tilecol>0</tilecol><tilecol>0</tilecol><tilecol>0</tilecol><tilecol>0</tilecol><tilecol>0</tilecol><tilecol>0</tilecol><tilecol>0</tilecol><tilecol>0</tilecol><tilecol>0</tilecol><tilecol>0</tilecol><tilecol>0</tilecol><tilecol>0</tilecol><tilecol>2</tilecol><tilecol>2</tilecol><tilecol>0</tilecol><tilecol>0</tilecol><tilecol>0</tilecol><tilecol>0</tilecol><tilecol>0</tilecol><tilecol>0</tilecol><tilecol>0</tilecol><tilecol>0</tilecol><tilecol>0</tilecol><tilecol>2</tilecol><tilecol>2</tilecol><tilecol>0</tilecol><tilecol>2</tilecol><tilecol>2</tilecol><tilecol>2</tilecol><tilecol>2</tilecol><tilecol>2</tilecol><tilecol>2</tilecol><tilecol>2</tilecol><tilecol>2</tilecol><tilecol>2</tilecol><tilecol>2</tilecol><tilecol>2</tilecol><tilecol>2</tilecol><tilecol>2</tilecol><tilecol>2</tilecol>
</tilerow>
<tilerow>
<tilecol>2</tilecol><tilecol>2</tilecol><tilecol>2</tilecol><tilecol>2</tilecol><tilecol>2</tilecol><tilecol>2</tilecol><tilecol>2</tilecol><tilecol>2</tilecol><tilecol>2</tilecol><tilecol>2</tilecol><tilecol>2</tilecol><tilecol>2</tilecol><tilecol>0</tilecol><tilecol>0</tilecol><tilecol>0</tilecol><tilecol>0</tilecol><tilecol>0</tilecol><tilecol>0</tilecol><tilecol>0</tilecol><tilecol>0</tilecol><tilecol>0</tilecol><tilecol>0</tilecol><tilecol>2</tilecol><tilecol>2</tilecol><tilecol>2</tilecol><tilecol>2</tilecol><tilecol>2</tilecol><tilecol>0</tilecol><tilecol>46</tilecol><tilecol>8</tilecol><tilecol>46</tilecol><tilecol>0</tilecol><tilecol>2</tilecol><tilecol>2</tilecol><tilecol>2</tilecol><tilecol>2</tilecol><tilecol>2</tilecol><tilecol>0</tilecol><tilecol>0</tilecol><tilecol>0</tilecol><tilecol>0</tilecol><tilecol>0</tilecol><tilecol>0</tilecol><tilecol>0</tilecol><tilecol>0</tilecol><tilecol>0</tilecol><tilecol>0</tilecol><tilecol>0</tilecol><tilecol>0</tilecol><tilecol>0</tilecol><tilecol>0</tilecol><tilecol>0</tilecol><tilecol>0</tilecol><tilecol>0</tilecol><tilecol>0</tilecol><tilecol>0</tilecol><tilecol>0</tilecol><tilecol>0</tilecol><tilecol>0</tilecol><tilecol>0</tilecol><tilecol>0</tilecol><tilecol>0</tilecol><tilecol>0</tilecol><tilecol>0</tilecol><tilecol>0</tilecol><tilecol>0</tilecol><tilecol>0</tilecol><tilecol>0</tilecol><tilecol>14</tilecol><tilecol>0</tilecol><tilecol>0</tilecol><tilecol>0</tilecol><tilecol>0</tilecol><tilecol>0</tilecol><tilecol>0</tilecol><tilecol>0</tilecol><tilecol>0</tilecol><tilecol>0</tilecol><tilecol>0</tilecol><tilecol>0</tilecol><tilecol>0</tilecol><tilecol>53</tilecol><tilecol>0</tilecol><tilecol>46</tilecol><tilecol>67</tilecol><tilecol>0</tilecol><tilecol>0</tilecol><tilecol>0</tilecol><tilecol>2</tilecol><tilecol>2</tilecol><tilecol>2</tilecol><tilecol>2</tilecol><tilecol>2</tilecol><tilecol>2</tilecol><tilecol>2</tilecol><tilecol>2</tilecol><tilecol>2</tilecol><tilecol>2</tilecol><tilecol>2</tilecol><tilecol>2</tilecol><tilecol>2</tilecol><tilecol>2</tilecol>
</tilerow>
<tilerow>
<tilecol>2</tilecol><tilecol>2</tilecol><tilecol>2</tilecol><tilecol>2</tilecol><tilecol>2</tilecol><tilecol>2</tilecol><tilecol>2</tilecol><tilecol>2</tilecol><tilecol>2</tilecol><tilecol>2</tilecol><tilecol>2</tilecol><tilecol>2</tilecol><tilecol>0</tilecol><tilecol>0</tilecol><tilecol>0</tilecol><tilecol>0</tilecol><tilecol>0</tilecol><tilecol>0</tilecol><tilecol>0</tilecol><tilecol>0</tilecol><tilecol>0</tilecol><tilecol>0</tilecol><tilecol>0</tilecol><tilecol>0</tilecol><tilecol>0</tilecol><tilecol>0</tilecol><tilecol>2</tilecol><tilecol>3</tilecol><tilecol>3</tilecol><tilecol>3</tilecol><tilecol>3</tilecol><tilecol>3</tilecol><tilecol>2</tilecol><tilecol>0</tilecol><tilecol>0</tilecol><tilecol>0</tilecol><tilecol>0</tilecol><tilecol>0</tilecol><tilecol>0</tilecol><tilecol>62</tilecol><tilecol>0</tilecol><tilecol>0</tilecol><tilecol>0</tilecol><tilecol>0</tilecol><tilecol>0</tilecol><tilecol>0</tilecol><tilecol>0</tilecol><tilecol>0</tilecol><tilecol>0</tilecol><tilecol>0</tilecol><tilecol>0</tilecol><tilecol>0</tilecol><tilecol>0</tilecol><tilecol>0</tilecol><tilecol>0</tilecol><tilecol>0</tilecol><tilecol>0</tilecol><tilecol>0</tilecol><tilecol>0</tilecol><tilecol>0</tilecol><tilecol>0</tilecol><tilecol>0</tilecol><tilecol>0</tilecol><tilecol>0</tilecol><tilecol>14</tilecol><tilecol>0</tilecol><tilecol>0</tilecol><tilecol>2</tilecol><tilecol>2</tilecol><tilecol>0</tilecol><tilecol>0</tilecol><tilecol>0</tilecol><tilecol>0</tilecol><tilecol>0</tilecol><tilecol>51</tilecol><tilecol>0</tilecol><tilecol>0</tilecol><tilecol>0</tilecol><tilecol>46</tilecol><tilecol>0</tilecol><tilecol>46</tilecol><tilecol>65</tilecol><tilecol>46</tilecol><tilecol>46</tilecol><tilecol>55</tilecol><tilecol>0</tilecol><tilecol>0</tilecol><tilecol>0</tilecol><tilecol>2</tilecol><tilecol>2</tilecol><tilecol>2</tilecol><tilecol>2</tilecol><tilecol>2</tilecol><tilecol>2</tilecol><tilecol>2</tilecol><tilecol>2</tilecol><tilecol>2</tilecol><tilecol>2</tilecol><tilecol>2</tilecol><tilecol>2</tilecol><tilecol>2</tilecol><tilecol>2</tilecol>
</tilerow>
<tilerow>
<tilecol>2</tilecol><tilecol>2</tilecol><tilecol>2</tilecol><tilecol>2</tilecol><tilecol>2</tilecol><tilecol>2</tilecol><tilecol>2</tilecol><tilecol>2</tilecol><tilecol>2</tilecol><tilecol>2</tilecol><tilecol>2</tilecol><tilecol>2</tilecol><tilecol>0</tilecol><tilecol>0</tilecol><tilecol>0</tilecol><tilecol>0</tilecol><tilecol>0</tilecol><tilecol>0</tilecol><tilecol>0</tilecol><tilecol>2</tilecol><tilecol>2</tilecol><tilecol>2</tilecol><tilecol>2</tilecol><tilecol>2</tilecol><tilecol>2</tilecol><tilecol>0</tilecol><tilecol>0</tilecol><tilecol>0</tilecol><tilecol>0</tilecol><tilecol>0</tilecol><tilecol>0</tilecol><tilecol>0</tilecol><tilecol>0</tilecol><tilecol>0</tilecol><tilecol>2</tilecol><tilecol>2</tilecol><tilecol>2</tilecol><tilecol>2</tilecol><tilecol>2</tilecol><tilecol>2</tilecol><tilecol>0</tilecol><tilecol>0</tilecol><tilecol>0</tilecol><tilecol>62</tilecol><tilecol>0</tilecol><tilecol>0</tilecol><tilecol>0</tilecol><tilecol>0</tilecol><tilecol>0</tilecol><tilecol>0</tilecol><tilecol>0</tilecol><tilecol>0</tilecol><tilecol>0</tilecol><tilecol>0</tilecol><tilecol>0</tilecol><tilecol>0</tilecol><tilecol>62</tilecol><tilecol>0</tilecol><tilecol>0</tilecol><tilecol>0</tilecol><tilecol>0</tilecol><tilecol>0</tilecol><tilecol>0</tilecol><tilecol>2</tilecol><tilecol>2</tilecol><tilecol>0</tilecol><tilecol>0</tilecol><tilecol>0</tilecol><tilecol>0</tilecol><tilecol>0</tilecol><tilecol>0</tilecol><tilecol>0</tilecol><tilecol>0</tilecol><tilecol>2</tilecol><tilecol>2</tilecol><tilecol>2</tilecol><tilecol>3</tilecol><tilecol>3</tilecol><tilecol>3</tilecol><tilecol>3</tilecol><tilecol>2</tilecol><tilecol>3</tilecol><tilecol>3</tilecol><tilecol>3</tilecol><tilecol>3</tilecol><tilecol>2</tilecol><tilecol>2</tilecol><tilecol>2</tilecol><tilecol>2</tilecol><tilecol>2</tilecol><tilecol>2</tilecol><tilecol>2</tilecol><tilecol>2</tilecol><tilecol>2</tilecol><tilecol>2</tilecol><tilecol>2</tilecol><tilecol>2</tilecol><tilecol>2</tilecol><tilecol>2</tilecol><tilecol>2</tilecol><tilecol>2</tilecol><tilecol>2</tilecol>
</tilerow>
<tilerow>
<tilecol>2</tilecol><tilecol>2</tilecol><tilecol>2</tilecol><tilecol>2</tilecol><tilecol>2</tilecol><tilecol>2</tilecol><tilecol>2</tilecol><tilecol>2</tilecol><tilecol>2</tilecol><tilecol>2</tilecol><tilecol>2</tilecol><tilecol>2</tilecol><tilecol>0</tilecol><tilecol>0</tilecol><tilecol>0</tilecol><tilecol>62</tilecol><tilecol>51</tilecol><tilecol>46</tilecol><tilecol>46</tilecol><tilecol>2</tilecol><tilecol>2</tilecol><tilecol>2</tilecol><tilecol>2</tilecol><tilecol>2</tilecol><tilecol>2</tilecol><tilecol>2</tilecol><tilecol>2</tilecol><tilecol>2</tilecol><tilecol>2</tilecol><tilecol>2</tilecol><tilecol>2</tilecol><tilecol>2</tilecol><tilecol>2</tilecol><tilecol>2</tilecol><tilecol>2</tilecol><tilecol>2</tilecol><tilecol>2</tilecol><tilecol>2</tilecol><tilecol>2</tilecol><tilecol>2</tilecol><tilecol>2</tilecol><tilecol>0</tilecol><tilecol>0</tilecol><tilecol>2</tilecol><tilecol>0</tilecol><tilecol>0</tilecol><tilecol>51</tilecol><tilecol>0</tilecol><tilecol>62</tilecol><tilecol>0</tilecol><tilecol>0</tilecol><tilecol>0</tilecol><tilecol>0</tilecol><tilecol>0</tilecol><tilecol>0</tilecol><tilecol>2</tilecol><tilecol>2</tilecol><tilecol>0</tilecol><tilecol>0</tilecol><tilecol>0</tilecol><tilecol>14</tilecol><tilecol>0</tilecol><tilecol>0</tilecol><tilecol>0</tilecol><tilecol>0</tilecol><tilecol>0</tilecol><tilecol>0</tilecol><tilecol>0</tilecol><tilecol>0</tilecol><tilecol>0</tilecol><tilecol>0</tilecol><tilecol>24</tilecol><tilecol>0</tilecol><tilecol>2</tilecol><tilecol>2</tilecol><tilecol>2</tilecol><tilecol>0</tilecol><tilecol>54</tilecol><tilecol>66</tilecol><tilecol>0</tilecol><tilecol>2</tilecol><tilecol>0</tilecol><tilecol>0</tilecol><tilecol>0</tilecol><tilecol>0</tilecol><tilecol>2</tilecol><tilecol>2</tilecol><tilecol>2</tilecol><tilecol>2</tilecol><tilecol>2</tilecol><tilecol>2</tilecol><tilecol>2</tilecol><tilecol>2</tilecol><tilecol>2</tilecol><tilecol>2</tilecol><tilecol>2</tilecol><tilecol>2</tilecol><tilecol>2</tilecol><tilecol>2</tilecol><tilecol>2</tilecol><tilecol>2</tilecol><tilecol>2</tilecol>
</tilerow>
<tilerow>
<tilecol>2</tilecol><tilecol>2</tilecol><tilecol>2</tilecol><tilecol>2</tilecol><tilecol>2</tilecol><tilecol>2</tilecol><tilecol>2</tilecol><tilecol>2</tilecol><tilecol>2</tilecol><tilecol>0</tilecol><tilecol>0</tilecol><tilecol>0</tilecol><tilecol>0</tilecol><tilecol>0</tilecol><tilecol>0</tilecol><tilecol>2</tilecol><tilecol>2</tilecol><tilecol>2</tilecol><tilecol>2</tilecol><tilecol>2</tilecol><tilecol>2</tilecol><tilecol>2</tilecol><tilecol>2</tilecol><tilecol>2</tilecol><tilecol>2</tilecol><tilecol>2</tilecol><tilecol>2</tilecol><tilecol>2</tilecol><tilecol>2</tilecol><tilecol>2</tilecol><tilecol>2</tilecol><tilecol>2</tilecol><tilecol>2</tilecol><tilecol>2</tilecol><tilecol>2</tilecol><tilecol>2</tilecol><tilecol>2</tilecol><tilecol>2</tilecol><tilecol>2</tilecol><tilecol>2</tilecol><tilecol>2</tilecol><tilecol>2</tilecol><tilecol>2</tilecol><tilecol>2</tilecol><tilecol>2</tilecol><tilecol>2</tilecol><tilecol>2</tilecol><tilecol>2</tilecol><tilecol>2</tilecol><tilecol>0</tilecol><tilecol>0</tilecol><tilecol>0</tilecol><tilecol>0</tilecol><tilecol>0</tilecol><tilecol>0</tilecol><tilecol>2</tilecol><tilecol>2</tilecol><tilecol>2</tilecol><tilecol>0</tilecol><tilecol>0</tilecol><tilecol>2</tilecol><tilecol>2</tilecol><tilecol>0</tilecol><tilecol>0</tilecol><tilecol>0</tilecol><tilecol>0</tilecol><tilecol>0</tilecol><tilecol>0</tilecol><tilecol>0</tilecol><tilecol>0</tilecol><tilecol>24</tilecol><tilecol>2</tilecol><tilecol>2</tilecol><tilecol>2</tilecol><tilecol>2</tilecol><tilecol>2</tilecol><tilecol>4</tilecol><tilecol>4</tilecol><tilecol>4</tilecol><tilecol>4</tilecol><tilecol>2</tilecol><tilecol>4</tilecol><tilecol>4</tilecol><tilecol>4</tilecol><tilecol>4</tilecol><tilecol>2</tilecol><tilecol>2</tilecol><tilecol>2</tilecol><tilecol>2</tilecol><tilecol>2</tilecol><tilecol>2</tilecol><tilecol>2</tilecol><tilecol>2</tilecol><tilecol>2</tilecol><tilecol>2</tilecol><tilecol>2</tilecol><tilecol>2</tilecol><tilecol>2</tilecol><tilecol>2</tilecol><tilecol>2</tilecol><tilecol>2</tilecol><tilecol>2</tilecol>
</tilerow>
<tilerow>
<tilecol>2</tilecol><tilecol>2</tilecol><tilecol>2</tilecol><tilecol>2</tilecol><tilecol>2</tilecol><tilecol>2</tilecol><tilecol>2</tilecol><tilecol>2</tilecol><tilecol>2</tilecol><tilecol>0</tilecol><tilecol>0</tilecol><tilecol>62</tilecol><tilecol>0</tilecol><tilecol>46</tilecol><tilecol>0</tilecol><tilecol>2</tilecol><tilecol>2</tilecol><tilecol>2</tilecol><tilecol>2</tilecol><tilecol>2</tilecol><tilecol>2</tilecol><tilecol>2</tilecol><tilecol>2</tilecol><tilecol>2</tilecol><tilecol>2</tilecol><tilecol>2</tilecol><tilecol>2</tilecol><tilecol>2</tilecol><tilecol>2</tilecol><tilecol>2</tilecol><tilecol>2</tilecol><tilecol>2</tilecol><tilecol>2</tilecol><tilecol>2</tilecol><tilecol>2</tilecol><tilecol>2</tilecol><tilecol>2</tilecol><tilecol>2</tilecol><tilecol>2</tilecol><tilecol>2</tilecol><tilecol>2</tilecol><tilecol>2</tilecol><tilecol>2</tilecol><tilecol>2</tilecol><tilecol>2</tilecol><tilecol>2</tilecol><tilecol>2</tilecol><tilecol>2</tilecol><tilecol>2</tilecol><tilecol>2</tilecol><tilecol>62</tilecol><tilecol>0</tilecol><tilecol>46</tilecol><tilecol>0</tilecol><tilecol>0</tilecol><tilecol>2</tilecol><tilecol>2</tilecol><tilecol>2</tilecol><tilecol>2</tilecol><tilecol>2</tilecol><tilecol>2</tilecol><tilecol>2</tilecol><tilecol>2</tilecol><tilecol>2</tilecol><tilecol>14</tilecol><tilecol>0</tilecol><tilecol>46</tilecol><tilecol>46</tilecol><tilecol>2</tilecol><tilecol>2</tilecol><tilecol>2</tilecol><tilecol>2</tilecol><tilecol>2</tilecol><tilecol>2</tilecol><tilecol>2</tilecol><tilecol>2</tilecol><tilecol>2</tilecol><tilecol>2</tilecol><tilecol>2</tilecol><tilecol>2</tilecol><tilecol>2</tilecol><tilecol>2</tilecol><tilecol>2</tilecol><tilecol>2</tilecol><tilecol>2</tilecol><tilecol>2</tilecol><tilecol>2</tilecol><tilecol>2</tilecol><tilecol>2</tilecol><tilecol>2</tilecol><tilecol>2</tilecol><tilecol>2</tilecol><tilecol>2</tilecol><tilecol>2</tilecol><tilecol>2</tilecol><tilecol>2</tilecol><tilecol>2</tilecol><tilecol>2</tilecol><tilecol>2</tilecol><tilecol>2</tilecol><tilecol>2</tilecol><tilecol>2</tilecol>
</tilerow>
<tilerow>
<tilecol>2</tilecol><tilecol>2</tilecol><tilecol>2</tilecol><tilecol>2</tilecol><tilecol>2</tilecol><tilecol>2</tilecol><tilecol>2</tilecol><tilecol>2</tilecol><tilecol>2</tilecol><tilecol>0</tilecol><tilecol>0</tilecol><tilecol>2</tilecol><tilecol>2</tilecol><tilecol>2</tilecol><tilecol>2</tilecol><tilecol>2</tilecol><tilecol>2</tilecol><tilecol>2</tilecol><tilecol>2</tilecol><tilecol>2</tilecol><tilecol>2</tilecol><tilecol>2</tilecol><tilecol>2</tilecol><tilecol>2</tilecol><tilecol>2</tilecol><tilecol>2</tilecol><tilecol>2</tilecol><tilecol>2</tilecol><tilecol>2</tilecol><tilecol>2</tilecol><tilecol>2</tilecol><tilecol>2</tilecol><tilecol>2</tilecol><tilecol>2</tilecol><tilecol>2</tilecol><tilecol>2</tilecol><tilecol>2</tilecol><tilecol>2</tilecol><tilecol>2</tilecol><tilecol>2</tilecol><tilecol>2</tilecol><tilecol>2</tilecol><tilecol>2</tilecol><tilecol>2</tilecol><tilecol>2</tilecol><tilecol>2</tilecol><tilecol>2</tilecol><tilecol>2</tilecol><tilecol>2</tilecol><tilecol>2</tilecol><tilecol>2</tilecol><tilecol>3</tilecol><tilecol>3</tilecol><tilecol>3</tilecol><tilecol>3</tilecol><tilecol>2</tilecol><tilecol>2</tilecol><tilecol>2</tilecol><tilecol>2</tilecol><tilecol>2</tilecol><tilecol>2</tilecol><tilecol>2</tilecol><tilecol>2</tilecol><tilecol>2</tilecol><tilecol>2</tilecol><tilecol>2</tilecol><tilecol>2</tilecol><tilecol>2</tilecol><tilecol>2</tilecol><tilecol>2</tilecol><tilecol>2</tilecol><tilecol>2</tilecol><tilecol>2</tilecol><tilecol>2</tilecol><tilecol>2</tilecol><tilecol>2</tilecol><tilecol>2</tilecol><tilecol>2</tilecol><tilecol>2</tilecol><tilecol>2</tilecol><tilecol>2</tilecol><tilecol>2</tilecol><tilecol>2</tilecol><tilecol>2</tilecol><tilecol>2</tilecol><tilecol>2</tilecol><tilecol>2</tilecol><tilecol>2</tilecol><tilecol>2</tilecol><tilecol>2</tilecol><tilecol>2</tilecol><tilecol>2</tilecol><tilecol>2</tilecol><tilecol>2</tilecol><tilecol>2</tilecol><tilecol>2</tilecol><tilecol>2</tilecol><tilecol>2</tilecol><tilecol>2</tilecol><tilecol>2</tilecol><tilecol>2</tilecol><tilecol>2</tilecol>
</tilerow>
<tilerow>
<tilecol>2</tilecol><tilecol>2</tilecol><tilecol>2</tilecol><tilecol>2</tilecol><tilecol>2</tilecol><tilecol>2</tilecol><tilecol>2</tilecol><tilecol>2</tilecol><tilecol>2</tilecol><tilecol>0</tilecol><tilecol>0</tilecol><tilecol>2</tilecol><tilecol>2</tilecol><tilecol>2</tilecol><tilecol>2</tilecol><tilecol>2</tilecol><tilecol>2</tilecol><tilecol>2</tilecol><tilecol>2</tilecol><tilecol>2</tilecol><tilecol>2</tilecol><tilecol>2</tilecol><tilecol>2</tilecol><tilecol>2</tilecol><tilecol>2</tilecol><tilecol>2</tilecol><tilecol>2</tilecol><tilecol>2</tilecol><tilecol>2</tilecol><tilecol>2</tilecol><tilecol>2</tilecol><tilecol>2</tilecol><tilecol>2</tilecol><tilecol>2</tilecol><tilecol>2</tilecol><tilecol>2</tilecol><tilecol>2</tilecol><tilecol>2</tilecol><tilecol>2</tilecol><tilecol>2</tilecol><tilecol>2</tilecol><tilecol>2</tilecol><tilecol>2</tilecol><tilecol>2</tilecol><tilecol>2</tilecol><tilecol>2</tilecol><tilecol>2</tilecol><tilecol>2</tilecol><tilecol>2</tilecol><tilecol>2</tilecol><tilecol>2</tilecol><tilecol>0</tilecol><tilecol>0</tilecol><tilecol>0</tilecol><tilecol>0</tilecol><tilecol>2</tilecol><tilecol>2</tilecol><tilecol>2</tilecol><tilecol>2</tilecol><tilecol>2</tilecol><tilecol>2</tilecol><tilecol>2</tilecol><tilecol>2</tilecol><tilecol>2</tilecol><tilecol>2</tilecol><tilecol>2</tilecol><tilecol>2</tilecol><tilecol>2</tilecol><tilecol>2</tilecol><tilecol>2</tilecol><tilecol>2</tilecol><tilecol>2</tilecol><tilecol>2</tilecol><tilecol>2</tilecol><tilecol>2</tilecol><tilecol>2</tilecol><tilecol>2</tilecol><tilecol>2</tilecol><tilecol>2</tilecol><tilecol>2</tilecol><tilecol>2</tilecol><tilecol>2</tilecol><tilecol>2</tilecol><tilecol>2</tilecol><tilecol>2</tilecol><tilecol>2</tilecol><tilecol>2</tilecol><tilecol>2</tilecol><tilecol>2</tilecol><tilecol>2</tilecol><tilecol>2</tilecol><tilecol>2</tilecol><tilecol>2</tilecol><tilecol>2</tilecol><tilecol>2</tilecol><tilecol>2</tilecol><tilecol>2</tilecol><tilecol>2</tilecol><tilecol>2</tilecol><tilecol>2</tilecol><tilecol>2</tilecol><tilecol>2</tilecol>
</tilerow>
<tilerow>
<tilecol>2</tilecol><tilecol>2</tilecol><tilecol>2</tilecol><tilecol>0</tilecol><tilecol>0</tilecol><tilecol>0</tilecol><tilecol>0</tilecol><tilecol>0</tilecol><tilecol>0</tilecol><tilecol>0</tilecol><tilecol>0</tilecol><tilecol>2</tilecol><tilecol>2</tilecol><tilecol>2</tilecol><tilecol>2</tilecol><tilecol>2</tilecol><tilecol>2</tilecol><tilecol>2</tilecol><tilecol>2</tilecol><tilecol>2</tilecol><tilecol>2</tilecol><tilecol>2</tilecol><tilecol>2</tilecol><tilecol>2</tilecol><tilecol>2</tilecol><tilecol>2</tilecol><tilecol>2</tilecol><tilecol>2</tilecol><tilecol>2</tilecol><tilecol>2</tilecol><tilecol>2</tilecol><tilecol>2</tilecol><tilecol>2</tilecol><tilecol>2</tilecol><tilecol>2</tilecol><tilecol>2</tilecol><tilecol>2</tilecol><tilecol>2</tilecol><tilecol>2</tilecol><tilecol>2</tilecol><tilecol>2</tilecol><tilecol>2</tilecol><tilecol>2</tilecol><tilecol>2</tilecol><tilecol>2</tilecol><tilecol>2</tilecol><tilecol>2</tilecol><tilecol>2</tilecol><tilecol>2</tilecol><tilecol>2</tilecol><tilecol>2</tilecol><tilecol>4</tilecol><tilecol>4</tilecol><tilecol>4</tilecol><tilecol>4</tilecol><tilecol>2</tilecol><tilecol>2</tilecol><tilecol>2</tilecol><tilecol>2</tilecol><tilecol>2</tilecol><tilecol>2</tilecol><tilecol>2</tilecol><tilecol>2</tilecol><tilecol>2</tilecol><tilecol>2</tilecol><tilecol>2</tilecol><tilecol>2</tilecol><tilecol>2</tilecol><tilecol>2</tilecol><tilecol>2</tilecol><tilecol>2</tilecol><tilecol>2</tilecol><tilecol>2</tilecol><tilecol>2</tilecol><tilecol>2</tilecol><tilecol>2</tilecol><tilecol>2</tilecol><tilecol>2</tilecol><tilecol>2</tilecol><tilecol>2</tilecol><tilecol>2</tilecol><tilecol>2</tilecol><tilecol>2</tilecol><tilecol>2</tilecol><tilecol>2</tilecol><tilecol>2</tilecol><tilecol>2</tilecol><tilecol>2</tilecol><tilecol>2</tilecol><tilecol>2</tilecol><tilecol>2</tilecol><tilecol>2</tilecol><tilecol>2</tilecol><tilecol>2</tilecol><tilecol>2</tilecol><tilecol>2</tilecol><tilecol>2</tilecol><tilecol>2</tilecol><tilecol>2</tilecol><tilecol>2</tilecol><tilecol>2</tilecol><tilecol>2</tilecol>
</tilerow>
<tilerow>
<tilecol>2</tilecol><tilecol>2</tilecol><tilecol>2</tilecol><tilecol>62</tilecol><tilecol>0</tilecol><tilecol>0</tilecol><tilecol>0</tilecol><tilecol>0</tilecol><tilecol>0</tilecol><tilecol>46</tilecol><tilecol>46</tilecol><tilecol>2</tilecol><tilecol>2</tilecol><tilecol>2</tilecol><tilecol>2</tilecol><tilecol>2</tilecol><tilecol>2</tilecol><tilecol>2</tilecol><tilecol>2</tilecol><tilecol>2</tilecol><tilecol>2</tilecol><tilecol>2</tilecol><tilecol>2</tilecol><tilecol>2</tilecol><tilecol>2</tilecol><tilecol>2</tilecol><tilecol>2</tilecol><tilecol>2</tilecol><tilecol>2</tilecol><tilecol>2</tilecol><tilecol>2</tilecol><tilecol>2</tilecol><tilecol>2</tilecol><tilecol>2</tilecol><tilecol>2</tilecol><tilecol>2</tilecol><tilecol>2</tilecol><tilecol>2</tilecol><tilecol>2</tilecol><tilecol>2</tilecol><tilecol>2</tilecol><tilecol>2</tilecol><tilecol>2</tilecol><tilecol>2</tilecol><tilecol>2</tilecol><tilecol>2</tilecol><tilecol>2</tilecol><tilecol>2</tilecol><tilecol>2</tilecol><tilecol>2</tilecol><tilecol>2</tilecol><tilecol>2</tilecol><tilecol>2</tilecol><tilecol>2</tilecol><tilecol>2</tilecol><tilecol>2</tilecol><tilecol>2</tilecol><tilecol>2</tilecol><tilecol>2</tilecol><tilecol>2</tilecol><tilecol>2</tilecol><tilecol>2</tilecol><tilecol>2</tilecol><tilecol>2</tilecol><tilecol>2</tilecol><tilecol>2</tilecol><tilecol>2</tilecol><tilecol>2</tilecol><tilecol>2</tilecol><tilecol>2</tilecol><tilecol>2</tilecol><tilecol>2</tilecol><tilecol>2</tilecol><tilecol>2</tilecol><tilecol>2</tilecol><tilecol>2</tilecol><tilecol>2</tilecol><tilecol>2</tilecol><tilecol>2</tilecol><tilecol>2</tilecol><tilecol>2</tilecol><tilecol>2</tilecol><tilecol>2</tilecol><tilecol>2</tilecol><tilecol>2</tilecol><tilecol>2</tilecol><tilecol>2</tilecol><tilecol>2</tilecol><tilecol>2</tilecol><tilecol>2</tilecol><tilecol>2</tilecol><tilecol>2</tilecol><tilecol>2</tilecol><tilecol>2</tilecol><tilecol>2</tilecol><tilecol>2</tilecol><tilecol>2</tilecol><tilecol>2</tilecol><tilecol>2</tilecol><tilecol>2</tilecol><tilecol>2</tilecol><tilecol>2</tilecol>
</tilerow>
<tilerow>
<tilecol>2</tilecol><tilecol>2</tilecol><tilecol>2</tilecol><tilecol>2</tilecol><tilecol>2</tilecol><tilecol>2</tilecol><tilecol>0</tilecol><tilecol>0</tilecol><tilecol>2</tilecol><tilecol>2</tilecol><tilecol>2</tilecol><tilecol>2</tilecol><tilecol>2</tilecol><tilecol>2</tilecol><tilecol>2</tilecol><tilecol>2</tilecol><tilecol>2</tilecol><tilecol>2</tilecol><tilecol>2</tilecol><tilecol>2</tilecol><tilecol>2</tilecol><tilecol>2</tilecol><tilecol>2</tilecol><tilecol>2</tilecol><tilecol>2</tilecol><tilecol>2</tilecol><tilecol>2</tilecol><tilecol>2</tilecol><tilecol>2</tilecol><tilecol>2</tilecol><tilecol>2</tilecol><tilecol>2</tilecol><tilecol>2</tilecol><tilecol>2</tilecol><tilecol>2</tilecol><tilecol>2</tilecol><tilecol>2</tilecol><tilecol>2</tilecol><tilecol>2</tilecol><tilecol>2</tilecol><tilecol>2</tilecol><tilecol>2</tilecol><tilecol>2</tilecol><tilecol>2</tilecol><tilecol>2</tilecol><tilecol>2</tilecol><tilecol>2</tilecol><tilecol>2</tilecol><tilecol>2</tilecol><tilecol>2</tilecol><tilecol>2</tilecol><tilecol>2</tilecol><tilecol>2</tilecol><tilecol>2</tilecol><tilecol>2</tilecol><tilecol>2</tilecol><tilecol>2</tilecol><tilecol>2</tilecol><tilecol>2</tilecol><tilecol>2</tilecol><tilecol>2</tilecol><tilecol>2</tilecol><tilecol>2</tilecol><tilecol>2</tilecol><tilecol>2</tilecol><tilecol>2</tilecol><tilecol>2</tilecol><tilecol>2</tilecol><tilecol>2</tilecol><tilecol>2</tilecol><tilecol>2</tilecol><tilecol>2</tilecol><tilecol>2</tilecol><tilecol>2</tilecol><tilecol>2</tilecol><tilecol>2</tilecol><tilecol>2</tilecol><tilecol>2</tilecol><tilecol>2</tilecol><tilecol>2</tilecol><tilecol>2</tilecol><tilecol>2</tilecol><tilecol>2</tilecol><tilecol>2</tilecol><tilecol>2</tilecol><tilecol>2</tilecol><tilecol>2</tilecol><tilecol>2</tilecol><tilecol>2</tilecol><tilecol>2</tilecol><tilecol>2</tilecol><tilecol>2</tilecol><tilecol>2</tilecol><tilecol>2</tilecol><tilecol>2</tilecol><tilecol>2</tilecol><tilecol>2</tilecol><tilecol>2</tilecol><tilecol>2</tilecol><tilecol>2</tilecol><tilecol>2</tilecol><tilecol>2</tilecol>
</tilerow>
<tilerow>
<tilecol>2</tilecol><tilecol>2</tilecol><tilecol>2</tilecol><tilecol>0</tilecol><tilecol>0</tilecol><tilecol>0</tilecol><tilecol>0</tilecol><tilecol>0</tilecol><tilecol>0</tilecol><tilecol>0</tilecol><tilecol>0</tilecol><tilecol>2</tilecol><tilecol>2</tilecol><tilecol>2</tilecol><tilecol>0</tilecol><tilecol>0</tilecol><tilecol>0</tilecol><tilecol>0</tilecol><tilecol>0</tilecol><tilecol>2</tilecol><tilecol>0</tilecol><tilecol>0</tilecol><tilecol>0</tilecol><tilecol>0</tilecol><tilecol>0</tilecol><tilecol>2</tilecol><tilecol>2</tilecol><tilecol>2</tilecol><tilecol>2</tilecol><tilecol>2</tilecol><tilecol>2</tilecol><tilecol>2</tilecol><tilecol>2</tilecol><tilecol>2</tilecol><tilecol>2</tilecol><tilecol>2</tilecol><tilecol>2</tilecol><tilecol>2</tilecol><tilecol>2</tilecol><tilecol>2</tilecol><tilecol>2</tilecol><tilecol>2</tilecol><tilecol>2</tilecol><tilecol>2</tilecol><tilecol>2</tilecol><tilecol>2</tilecol><tilecol>2</tilecol><tilecol>2</tilecol><tilecol>2</tilecol><tilecol>2</tilecol><tilecol>2</tilecol><tilecol>2</tilecol><tilecol>2</tilecol><tilecol>2</tilecol><tilecol>2</tilecol><tilecol>2</tilecol><tilecol>2</tilecol><tilecol>2</tilecol><tilecol>2</tilecol><tilecol>2</tilecol><tilecol>2</tilecol><tilecol>2</tilecol><tilecol>2</tilecol><tilecol>2</tilecol><tilecol>2</tilecol><tilecol>2</tilecol><tilecol>2</tilecol><tilecol>2</tilecol><tilecol>2</tilecol><tilecol>2</tilecol><tilecol>2</tilecol><tilecol>2</tilecol><tilecol>2</tilecol><tilecol>2</tilecol><tilecol>2</tilecol><tilecol>2</tilecol><tilecol>2</tilecol><tilecol>2</tilecol><tilecol>2</tilecol><tilecol>2</tilecol><tilecol>2</tilecol><tilecol>2</tilecol><tilecol>2</tilecol><tilecol>2</tilecol><tilecol>2</tilecol><tilecol>2</tilecol><tilecol>2</tilecol><tilecol>2</tilecol><tilecol>2</tilecol><tilecol>2</tilecol><tilecol>2</tilecol><tilecol>2</tilecol><tilecol>2</tilecol><tilecol>2</tilecol><tilecol>2</tilecol><tilecol>2</tilecol><tilecol>2</tilecol><tilecol>2</tilecol><tilecol>2</tilecol><tilecol>2</tilecol><tilecol>2</tilecol><tilecol>2</tilecol>
</tilerow>
<tilerow>
<tilecol>2</tilecol><tilecol>2</tilecol><tilecol>2</tilecol><tilecol>0</tilecol><tilecol>0</tilecol><tilecol>0</tilecol><tilecol>0</tilecol><tilecol>0</tilecol><tilecol>46</tilecol><tilecol>0</tilecol><tilecol>0</tilecol><tilecol>0</tilecol><tilecol>0</tilecol><tilecol>0</tilecol><tilecol>0</tilecol><tilecol>0</tilecol><tilecol>0</tilecol><tilecol>0</tilecol><tilecol>0</tilecol><tilecol>26</tilecol><tilecol>0</tilecol><tilecol>0</tilecol><tilecol>0</tilecol><tilecol>0</tilecol><tilecol>0</tilecol><tilecol>0</tilecol><tilecol>0</tilecol><tilecol>0</tilecol><tilecol>0</tilecol><tilecol>0</tilecol><tilecol>2</tilecol><tilecol>2</tilecol><tilecol>2</tilecol><tilecol>2</tilecol><tilecol>2</tilecol><tilecol>2</tilecol><tilecol>2</tilecol><tilecol>2</tilecol><tilecol>2</tilecol><tilecol>2</tilecol><tilecol>2</tilecol><tilecol>2</tilecol><tilecol>2</tilecol><tilecol>2</tilecol><tilecol>2</tilecol><tilecol>2</tilecol><tilecol>2</tilecol><tilecol>2</tilecol><tilecol>2</tilecol><tilecol>2</tilecol><tilecol>2</tilecol><tilecol>2</tilecol><tilecol>2</tilecol><tilecol>2</tilecol><tilecol>2</tilecol><tilecol>2</tilecol><tilecol>2</tilecol><tilecol>2</tilecol><tilecol>2</tilecol><tilecol>2</tilecol><tilecol>2</tilecol><tilecol>2</tilecol><tilecol>2</tilecol><tilecol>2</tilecol><tilecol>2</tilecol><tilecol>2</tilecol><tilecol>2</tilecol><tilecol>2</tilecol><tilecol>2</tilecol><tilecol>2</tilecol><tilecol>2</tilecol><tilecol>2</tilecol><tilecol>2</tilecol><tilecol>2</tilecol><tilecol>2</tilecol><tilecol>2</tilecol><tilecol>2</tilecol><tilecol>2</tilecol><tilecol>2</tilecol><tilecol>2</tilecol><tilecol>2</tilecol><tilecol>2</tilecol><tilecol>2</tilecol><tilecol>2</tilecol><tilecol>2</tilecol><tilecol>2</tilecol><tilecol>2</tilecol><tilecol>2</tilecol><tilecol>2</tilecol><tilecol>2</tilecol><tilecol>2</tilecol><tilecol>2</tilecol><tilecol>2</tilecol><tilecol>2</tilecol><tilecol>2</tilecol><tilecol>2</tilecol><tilecol>2</tilecol><tilecol>2</tilecol><tilecol>2</tilecol><tilecol>2</tilecol><tilecol>2</tilecol><tilecol>2</tilecol>
</tilerow>
<tilerow>
<tilecol>2</tilecol><tilecol>2</tilecol><tilecol>2</tilecol><tilecol>62</tilecol><tilecol>0</tilecol><tilecol>0</tilecol><tilecol>46</tilecol><tilecol>0</tilecol><tilecol>46</tilecol><tilecol>0</tilecol><tilecol>62</tilecol><tilecol>0</tilecol><tilecol>51</tilecol><tilecol>0</tilecol><tilecol>0</tilecol><tilecol>0</tilecol><tilecol>0</tilecol><tilecol>0</tilecol><tilecol>0</tilecol><tilecol>0</tilecol><tilecol>0</tilecol><tilecol>0</tilecol><tilecol>0</tilecol><tilecol>0</tilecol><tilecol>0</tilecol><tilecol>0</tilecol><tilecol>0</tilecol><tilecol>0</tilecol><tilecol>0</tilecol><tilecol>0</tilecol><tilecol>2</tilecol><tilecol>2</tilecol><tilecol>2</tilecol><tilecol>2</tilecol><tilecol>2</tilecol><tilecol>2</tilecol><tilecol>2</tilecol><tilecol>2</tilecol><tilecol>2</tilecol><tilecol>2</tilecol><tilecol>2</tilecol><tilecol>2</tilecol><tilecol>2</tilecol><tilecol>2</tilecol><tilecol>2</tilecol><tilecol>2</tilecol><tilecol>2</tilecol><tilecol>2</tilecol><tilecol>2</tilecol><tilecol>2</tilecol><tilecol>2</tilecol><tilecol>2</tilecol><tilecol>2</tilecol><tilecol>2</tilecol><tilecol>2</tilecol><tilecol>2</tilecol><tilecol>2</tilecol><tilecol>2</tilecol><tilecol>2</tilecol><tilecol>2</tilecol><tilecol>2</tilecol><tilecol>2</tilecol><tilecol>2</tilecol><tilecol>2</tilecol><tilecol>2</tilecol><tilecol>2</tilecol><tilecol>2</tilecol><tilecol>2</tilecol><tilecol>2</tilecol><tilecol>2</tilecol><tilecol>2</tilecol><tilecol>2</tilecol><tilecol>2</tilecol><tilecol>2</tilecol><tilecol>2</tilecol><tilecol>2</tilecol><tilecol>2</tilecol><tilecol>2</tilecol><tilecol>2</tilecol><tilecol>2</tilecol><tilecol>2</tilecol><tilecol>2</tilecol><tilecol>2</tilecol><tilecol>2</tilecol><tilecol>2</tilecol><tilecol>2</tilecol><tilecol>2</tilecol><tilecol>2</tilecol><tilecol>2</tilecol><tilecol>2</tilecol><tilecol>2</tilecol><tilecol>2</tilecol><tilecol>2</tilecol><tilecol>2</tilecol><tilecol>2</tilecol><tilecol>2</tilecol><tilecol>2</tilecol><tilecol>2</tilecol><tilecol>2</tilecol><tilecol>2</tilecol><tilecol>2</tilecol><tilecol>2</tilecol>
</tilerow>
<tilerow>
<tilecol>2</tilecol><tilecol>2</tilecol><tilecol>2</tilecol><tilecol>2</tilecol><tilecol>3</tilecol><tilecol>3</tilecol><tilecol>3</tilecol><tilecol>3</tilecol><tilecol>3</tilecol><tilecol>3</tilecol><tilecol>2</tilecol><tilecol>2</tilecol><tilecol>2</tilecol><tilecol>2</tilecol><tilecol>0</tilecol><tilecol>0</tilecol><tilecol>0</tilecol><tilecol>25</tilecol><tilecol>25</tilecol><tilecol>0</tilecol><tilecol>25</tilecol><tilecol>25</tilecol><tilecol>0</tilecol><tilecol>0</tilecol><tilecol>0</tilecol><tilecol>2</tilecol><tilecol>2</tilecol><tilecol>2</tilecol><tilecol>0</tilecol><tilecol>0</tilecol><tilecol>2</tilecol><tilecol>2</tilecol><tilecol>2</tilecol><tilecol>2</tilecol><tilecol>2</tilecol><tilecol>2</tilecol><tilecol>2</tilecol><tilecol>2</tilecol><tilecol>2</tilecol><tilecol>2</tilecol><tilecol>2</tilecol><tilecol>2</tilecol><tilecol>2</tilecol><tilecol>2</tilecol><tilecol>2</tilecol><tilecol>2</tilecol><tilecol>2</tilecol><tilecol>2</tilecol><tilecol>2</tilecol><tilecol>2</tilecol><tilecol>2</tilecol><tilecol>2</tilecol><tilecol>2</tilecol><tilecol>2</tilecol><tilecol>2</tilecol><tilecol>2</tilecol><tilecol>2</tilecol><tilecol>2</tilecol><tilecol>2</tilecol><tilecol>2</tilecol><tilecol>2</tilecol><tilecol>2</tilecol><tilecol>2</tilecol><tilecol>2</tilecol><tilecol>2</tilecol><tilecol>2</tilecol><tilecol>2</tilecol><tilecol>2</tilecol><tilecol>2</tilecol><tilecol>2</tilecol><tilecol>2</tilecol><tilecol>2</tilecol><tilecol>2</tilecol><tilecol>2</tilecol><tilecol>2</tilecol><tilecol>2</tilecol><tilecol>2</tilecol><tilecol>2</tilecol><tilecol>2</tilecol><tilecol>2</tilecol><tilecol>2</tilecol><tilecol>2</tilecol><tilecol>2</tilecol><tilecol>2</tilecol><tilecol>2</tilecol><tilecol>2</tilecol><tilecol>2</tilecol><tilecol>2</tilecol><tilecol>2</tilecol><tilecol>2</tilecol><tilecol>2</tilecol><tilecol>2</tilecol><tilecol>2</tilecol><tilecol>2</tilecol><tilecol>2</tilecol><tilecol>2</tilecol><tilecol>2</tilecol><tilecol>2</tilecol><tilecol>2</tilecol><tilecol>2</tilecol><tilecol>2</tilecol><tilecol>2</tilecol>
</tilerow>
<tilerow>
<tilecol>2</tilecol><tilecol>2</tilecol><tilecol>2</tilecol><tilecol>2</tilecol><tilecol>0</tilecol><tilecol>0</tilecol><tilecol>0</tilecol><tilecol>0</tilecol><tilecol>0</tilecol><tilecol>0</tilecol><tilecol>2</tilecol><tilecol>2</tilecol><tilecol>2</tilecol><tilecol>2</tilecol><tilecol>3</tilecol><tilecol>3</tilecol><tilecol>3</tilecol><tilecol>3</tilecol><tilecol>3</tilecol><tilecol>3</tilecol><tilecol>3</tilecol><tilecol>3</tilecol><tilecol>3</tilecol><tilecol>3</tilecol><tilecol>3</tilecol><tilecol>2</tilecol><tilecol>2</tilecol><tilecol>2</tilecol><tilecol>0</tilecol><tilecol>0</tilecol><tilecol>2</tilecol><tilecol>2</tilecol><tilecol>2</tilecol><tilecol>2</tilecol><tilecol>2</tilecol><tilecol>2</tilecol><tilecol>2</tilecol><tilecol>2</tilecol><tilecol>2</tilecol><tilecol>2</tilecol><tilecol>2</tilecol><tilecol>2</tilecol><tilecol>2</tilecol><tilecol>2</tilecol><tilecol>2</tilecol><tilecol>2</tilecol><tilecol>2</tilecol><tilecol>2</tilecol><tilecol>2</tilecol><tilecol>2</tilecol><tilecol>2</tilecol><tilecol>2</tilecol><tilecol>2</tilecol><tilecol>2</tilecol><tilecol>2</tilecol><tilecol>2</tilecol><tilecol>2</tilecol><tilecol>2</tilecol><tilecol>2</tilecol><tilecol>2</tilecol><tilecol>2</tilecol><tilecol>2</tilecol><tilecol>2</tilecol><tilecol>2</tilecol><tilecol>2</tilecol><tilecol>2</tilecol><tilecol>2</tilecol><tilecol>2</tilecol><tilecol>2</tilecol><tilecol>2</tilecol><tilecol>2</tilecol><tilecol>2</tilecol><tilecol>2</tilecol><tilecol>2</tilecol><tilecol>2</tilecol><tilecol>2</tilecol><tilecol>2</tilecol><tilecol>2</tilecol><tilecol>2</tilecol><tilecol>2</tilecol><tilecol>2</tilecol><tilecol>2</tilecol><tilecol>2</tilecol><tilecol>2</tilecol><tilecol>2</tilecol><tilecol>2</tilecol><tilecol>2</tilecol><tilecol>2</tilecol><tilecol>2</tilecol><tilecol>2</tilecol><tilecol>2</tilecol><tilecol>2</tilecol><tilecol>2</tilecol><tilecol>2</tilecol><tilecol>2</tilecol><tilecol>2</tilecol><tilecol>2</tilecol><tilecol>2</tilecol><tilecol>2</tilecol><tilecol>2</tilecol><tilecol>2</tilecol><tilecol>2</tilecol>
</tilerow>
<tilerow>
<tilecol>2</tilecol><tilecol>2</tilecol><tilecol>2</tilecol><tilecol>2</tilecol><tilecol>4</tilecol><tilecol>4</tilecol><tilecol>4</tilecol><tilecol>4</tilecol><tilecol>4</tilecol><tilecol>4</tilecol><tilecol>2</tilecol><tilecol>2</tilecol><tilecol>2</tilecol><tilecol>2</tilecol><tilecol>4</tilecol><tilecol>4</tilecol><tilecol>4</tilecol><tilecol>4</tilecol><tilecol>4</tilecol><tilecol>4</tilecol><tilecol>4</tilecol><tilecol>4</tilecol><tilecol>4</tilecol><tilecol>4</tilecol><tilecol>4</tilecol><tilecol>2</tilecol><tilecol>2</tilecol><tilecol>2</tilecol><tilecol>5</tilecol><tilecol>5</tilecol><tilecol>2</tilecol><tilecol>2</tilecol><tilecol>2</tilecol><tilecol>2</tilecol><tilecol>2</tilecol><tilecol>2</tilecol><tilecol>2</tilecol><tilecol>2</tilecol><tilecol>2</tilecol><tilecol>2</tilecol><tilecol>2</tilecol><tilecol>2</tilecol><tilecol>2</tilecol><tilecol>2</tilecol><tilecol>2</tilecol><tilecol>2</tilecol><tilecol>2</tilecol><tilecol>2</tilecol><tilecol>2</tilecol><tilecol>2</tilecol><tilecol>2</tilecol><tilecol>2</tilecol><tilecol>2</tilecol><tilecol>2</tilecol><tilecol>2</tilecol><tilecol>2</tilecol><tilecol>2</tilecol><tilecol>2</tilecol><tilecol>2</tilecol><tilecol>2</tilecol><tilecol>2</tilecol><tilecol>2</tilecol><tilecol>2</tilecol><tilecol>2</tilecol><tilecol>2</tilecol><tilecol>2</tilecol><tilecol>2</tilecol><tilecol>2</tilecol><tilecol>2</tilecol><tilecol>2</tilecol><tilecol>2</tilecol><tilecol>2</tilecol><tilecol>2</tilecol><tilecol>2</tilecol><tilecol>2</tilecol><tilecol>2</tilecol><tilecol>2</tilecol><tilecol>2</tilecol><tilecol>2</tilecol><tilecol>2</tilecol><tilecol>2</tilecol><tilecol>2</tilecol><tilecol>2</tilecol><tilecol>2</tilecol><tilecol>2</tilecol><tilecol>2</tilecol><tilecol>2</tilecol><tilecol>2</tilecol><tilecol>2</tilecol><tilecol>2</tilecol><tilecol>2</tilecol><tilecol>2</tilecol><tilecol>2</tilecol><tilecol>2</tilecol><tilecol>2</tilecol><tilecol>2</tilecol><tilecol>2</tilecol><tilecol>2</tilecol><tilecol>2</tilecol><tilecol>2</tilecol><tilecol>2</tilecol><tilecol>2</tilecol>
</tilerow>
<tilerow>
<tilecol>2</tilecol><tilecol>2</tilecol><tilecol>2</tilecol><tilecol>2</tilecol><tilecol>2</tilecol><tilecol>2</tilecol><tilecol>2</tilecol><tilecol>2</tilecol><tilecol>2</tilecol><tilecol>2</tilecol><tilecol>2</tilecol><tilecol>2</tilecol><tilecol>2</tilecol><tilecol>2</tilecol><tilecol>2</tilecol><tilecol>2</tilecol><tilecol>2</tilecol><tilecol>2</tilecol><tilecol>2</tilecol><tilecol>2</tilecol><tilecol>2</tilecol><tilecol>2</tilecol><tilecol>2</tilecol><tilecol>2</tilecol><tilecol>2</tilecol><tilecol>2</tilecol><tilecol>2</tilecol><tilecol>2</tilecol><tilecol>2</tilecol><tilecol>2</tilecol><tilecol>2</tilecol><tilecol>2</tilecol><tilecol>2</tilecol><tilecol>2</tilecol><tilecol>2</tilecol><tilecol>2</tilecol><tilecol>2</tilecol><tilecol>2</tilecol><tilecol>2</tilecol><tilecol>2</tilecol><tilecol>2</tilecol><tilecol>2</tilecol><tilecol>2</tilecol><tilecol>2</tilecol><tilecol>2</tilecol><tilecol>2</tilecol><tilecol>2</tilecol><tilecol>2</tilecol><tilecol>2</tilecol><tilecol>2</tilecol><tilecol>2</tilecol><tilecol>2</tilecol><tilecol>2</tilecol><tilecol>2</tilecol><tilecol>2</tilecol><tilecol>2</tilecol><tilecol>2</tilecol><tilecol>2</tilecol><tilecol>2</tilecol><tilecol>2</tilecol><tilecol>2</tilecol><tilecol>2</tilecol><tilecol>2</tilecol><tilecol>2</tilecol><tilecol>2</tilecol><tilecol>2</tilecol><tilecol>2</tilecol><tilecol>2</tilecol><tilecol>2</tilecol><tilecol>2</tilecol><tilecol>2</tilecol><tilecol>2</tilecol><tilecol>2</tilecol><tilecol>2</tilecol><tilecol>2</tilecol><tilecol>2</tilecol><tilecol>2</tilecol><tilecol>2</tilecol><tilecol>2</tilecol><tilecol>2</tilecol><tilecol>2</tilecol><tilecol>2</tilecol><tilecol>2</tilecol><tilecol>2</tilecol><tilecol>2</tilecol><tilecol>2</tilecol><tilecol>2</tilecol><tilecol>2</tilecol><tilecol>2</tilecol><tilecol>2</tilecol><tilecol>2</tilecol><tilecol>2</tilecol><tilecol>2</tilecol><tilecol>2</tilecol><tilecol>2</tilecol><tilecol>2</tilecol><tilecol>2</tilecol><tilecol>2</tilecol><tilecol>2</tilecol><tilecol>2</tilecol><tilecol>2</tilecol><tilecol>2</tilecol>
</tilerow>
<tilerow>
<tilecol>2</tilecol><tilecol>2</tilecol><tilecol>2</tilecol><tilecol>2</tilecol><tilecol>2</tilecol><tilecol>2</tilecol><tilecol>2</tilecol><tilecol>2</tilecol><tilecol>2</tilecol><tilecol>2</tilecol><tilecol>2</tilecol><tilecol>2</tilecol><tilecol>2</tilecol><tilecol>2</tilecol><tilecol>2</tilecol><tilecol>2</tilecol><tilecol>2</tilecol><tilecol>2</tilecol><tilecol>2</tilecol><tilecol>2</tilecol><tilecol>2</tilecol><tilecol>2</tilecol><tilecol>2</tilecol><tilecol>2</tilecol><tilecol>2</tilecol><tilecol>2</tilecol><tilecol>2</tilecol><tilecol>2</tilecol><tilecol>2</tilecol><tilecol>2</tilecol><tilecol>2</tilecol><tilecol>2</tilecol><tilecol>2</tilecol><tilecol>2</tilecol><tilecol>2</tilecol><tilecol>2</tilecol><tilecol>2</tilecol><tilecol>2</tilecol><tilecol>2</tilecol><tilecol>2</tilecol><tilecol>2</tilecol><tilecol>2</tilecol><tilecol>2</tilecol><tilecol>2</tilecol><tilecol>2</tilecol><tilecol>2</tilecol><tilecol>2</tilecol><tilecol>2</tilecol><tilecol>2</tilecol><tilecol>2</tilecol><tilecol>2</tilecol><tilecol>2</tilecol><tilecol>2</tilecol><tilecol>2</tilecol><tilecol>2</tilecol><tilecol>2</tilecol><tilecol>2</tilecol><tilecol>2</tilecol><tilecol>2</tilecol><tilecol>2</tilecol><tilecol>2</tilecol><tilecol>2</tilecol><tilecol>2</tilecol><tilecol>2</tilecol><tilecol>2</tilecol><tilecol>2</tilecol><tilecol>2</tilecol><tilecol>2</tilecol><tilecol>2</tilecol><tilecol>2</tilecol><tilecol>2</tilecol><tilecol>2</tilecol><tilecol>2</tilecol><tilecol>2</tilecol><tilecol>2</tilecol><tilecol>2</tilecol><tilecol>2</tilecol><tilecol>2</tilecol><tilecol>2</tilecol><tilecol>2</tilecol><tilecol>2</tilecol><tilecol>2</tilecol><tilecol>2</tilecol><tilecol>2</tilecol><tilecol>2</tilecol><tilecol>2</tilecol><tilecol>2</tilecol><tilecol>2</tilecol><tilecol>2</tilecol><tilecol>2</tilecol><tilecol>2</tilecol><tilecol>2</tilecol><tilecol>2</tilecol><tilecol>2</tilecol><tilecol>2</tilecol><tilecol>2</tilecol><tilecol>2</tilecol><tilecol>2</tilecol><tilecol>2</tilecol><tilecol>2</tilecol><tilecol>2</tilecol><tilecol>2</tilecol>
</tilerow>
<tilerow>
<tilecol>2</tilecol><tilecol>2</tilecol><tilecol>2</tilecol><tilecol>2</tilecol><tilecol>2</tilecol><tilecol>2</tilecol><tilecol>2</tilecol><tilecol>2</tilecol><tilecol>2</tilecol><tilecol>2</tilecol><tilecol>2</tilecol><tilecol>2</tilecol><tilecol>2</tilecol><tilecol>2</tilecol><tilecol>2</tilecol><tilecol>2</tilecol><tilecol>2</tilecol><tilecol>2</tilecol><tilecol>2</tilecol><tilecol>2</tilecol><tilecol>2</tilecol><tilecol>2</tilecol><tilecol>2</tilecol><tilecol>2</tilecol><tilecol>2</tilecol><tilecol>2</tilecol><tilecol>2</tilecol><tilecol>2</tilecol><tilecol>2</tilecol><tilecol>2</tilecol><tilecol>2</tilecol><tilecol>2</tilecol><tilecol>2</tilecol><tilecol>2</tilecol><tilecol>2</tilecol><tilecol>2</tilecol><tilecol>2</tilecol><tilecol>2</tilecol><tilecol>2</tilecol><tilecol>2</tilecol><tilecol>2</tilecol><tilecol>2</tilecol><tilecol>2</tilecol><tilecol>2</tilecol><tilecol>2</tilecol><tilecol>2</tilecol><tilecol>2</tilecol><tilecol>2</tilecol><tilecol>2</tilecol><tilecol>2</tilecol><tilecol>2</tilecol><tilecol>2</tilecol><tilecol>2</tilecol><tilecol>2</tilecol><tilecol>2</tilecol><tilecol>2</tilecol><tilecol>2</tilecol><tilecol>2</tilecol><tilecol>2</tilecol><tilecol>2</tilecol><tilecol>2</tilecol><tilecol>2</tilecol><tilecol>2</tilecol><tilecol>2</tilecol><tilecol>2</tilecol><tilecol>2</tilecol><tilecol>2</tilecol><tilecol>2</tilecol><tilecol>2</tilecol><tilecol>2</tilecol><tilecol>2</tilecol><tilecol>2</tilecol><tilecol>2</tilecol><tilecol>2</tilecol><tilecol>2</tilecol><tilecol>2</tilecol><tilecol>2</tilecol><tilecol>2</tilecol><tilecol>2</tilecol><tilecol>2</tilecol><tilecol>2</tilecol><tilecol>2</tilecol><tilecol>2</tilecol><tilecol>2</tilecol><tilecol>2</tilecol><tilecol>2</tilecol><tilecol>2</tilecol><tilecol>2</tilecol><tilecol>2</tilecol><tilecol>2</tilecol><tilecol>2</tilecol><tilecol>2</tilecol><tilecol>2</tilecol><tilecol>2</tilecol><tilecol>2</tilecol><tilecol>2</tilecol><tilecol>2</tilecol><tilecol>2</tilecol><tilecol>2</tilecol><tilecol>2</tilecol><tilecol>2</tilecol><tilecol>2</tilecol>
</tilerow>
</map>

