<levels>
	<level>
		<message>
		</message>
	</level>
	<level>
		<message>
			ALL THOSE WHO HAVE GONE BEFORE YOU HAVE PERISHED.
		</message>	
		<message>
			THIS LAST ASSAULT MUST SUCCEED, OR ALL IS LOST.
		</message>
		<message>
			THESE CATACOMBS ARE ALL BUT BOTTOMLESS. EXPECT FIERCER OPPOSITION AS YOU DESCEND.
		</message>
	</level>
	<level>
		<message>
			IT IS SAID THAT MERCY WAS ONCE A VIRTUE...
		</message>
		<message>
			...YET TODAY SUCH SENTIMENTS MARK WEAKNESS AND ATAVISM.
		</message>
	</level>
	<level>
		<message>
			FOR ENDLESS AGES THE WIZARD'S HORDES HAVE PLAGUED THE FREE CITIES OF VENUS.
		</message>
		<message>
			COUNTLESS BILLIONS HAVE FALLEN TO HIS FOUL BEASTS AND DARK SORCERIES.
		</message>
		<message>
			ONE BY ONE, THE GREAT CITIES CRUMBLED.
		</message>
		<message>
			SHOULD THIS LAST DESPERATE STRIKE FAIL, NONE WILL BE LEFT TO MOURN YOU BUT GHOSTS.
		</message>
	</level>
	<level>
		<message>
			OUR CITADEL HAS BEEN ATTACKED IN YOUR ABSENCE.
		</message>	
		<message>
			WAVE AFTER WAVE CRASHES AGAINST THE ADAMANT GATES.
		</message>
		<message>
			THE CITADEL YET STANDS...
		</message>	
		<message>
			MAKE HASTE, WE KNOW NOT HOW LONG WE CAN HOLD.
		</message>
		<message>
			TO DIE IN BATTLE IS TO LIVE ETERNALLY.
		</message>
		<message>
			THE WORST THAT AWAITS YOU IS AN HONORABLE DEATH.
		</message>
	</level>
	<level>
		<message>
			THE SKIES OVER OUR FORTRESS GROW DARK. 
		</message>
		<message>
			THE AIR IS HEAVY WITH THE BEATING OF WINGS. 
		</message>
		<message>
			SHOULD YOU FAIL, KNOW THAT ALL YOU LOVE WILL SURELY PERISH.
		</message>
	</level>
	<level>
		<message>
			LONG AGO...
		</message>
		<message>
			THE SPIRES OF THE CITY ROSE GLEAMING AND EXULTANT ABOVE THE VERDANT JUNGLE.
		</message>
		<message>
			OUR PEOPLE, IN THEIR PRIDE AND ARROGANCE...
		</message>
		<message>
			...CREATED THE WIZARD TO GUIDE THEM.
		</message>
	</level>
	<level>
		<message>
			THE WIZARD WAS ALL WE WANTED HIM TO BE.
		</message>
		<message>
			THE CITY PROSPERED.
		</message>
		<message>
			ALL VENUS FELL TO OUR UNSTOPPABLE ARMIES, AND ALL MEN PAID US TRIBUTE.
		</message>
		<message>
			IT WAS NOT LONG BEFORE HE NO LONGER NEEDED US.
		</message>
		<message>
			IN HIS RUTHLESS PURSUIT OF PERFECTION, HE SOON HAD NO NEED FOR MERE HUMANS. THE FIRST OF THE WIZARD'S CHILDREN WERE BORN.
		</message>
		GIVE ME YOUR HOPES
		GIVE ME YOUR FEARS AND ASPIRIATIONS
		GIVE ME YOUR 
		AND I WILL GUIDE YOU TO PERFECTION

		GIVE US BREATH
		GIVE US LIFE
		BRING US NEW DREAMS
		WE HAVE NOT CLIMBED OUT OF THE DARKNESS ONLY TO CRINGE AND SHUDDER IN THE LIGHT
		<message>
			IT SEEMED A GOLDEN AGE, BUT ITS RADIANCE WAS ONLY THE PALEST GLIMMER OF WHAT WAS TO COME.
			MAN SEEDED FAR FLUNG WORLDS.
			CHIEF AMONG THESE WAS VENUS, FAVORED OF SOL'S CHILDREN, THE FECUNDITY OF WHOSE LANDS IS MATCHED ONLY BY ITS MINERAL WEALTH.
			OUR BIRTHRIGHT, CROWN JEWEL IN THE DIADEM OF THE EMPIRE.
			SOON ECLIPSED THE GLORY OF EVEN EARTH HERSELF
		</message>		
		<message>
			THE RIVERS WASHED PURE ACROSS THE VERDANT LAND.
		</message>		
		<message>
			IT IS SOMEWHAT UNCLEAR WHERE THE WIZARD CAME FROM.
		</message>
		<message>
			THE WIZARD'S ORIGINS ARE SOMEWHAT OBSCURE.
		</message>
		<message>
			PERHAPS HE WAS ONCE A MAN, SELECTED FROM THE COUNCILS OF THE WISE.
		</message>
		<message>
			PERHAPS HE WAS BORN OF STEEL AND CRYSTAL.
		</message>
		<message>
			WHATEVER HE ONCE WAS, HE IS NOT HUMAN NOW.
		</message>
		<message>
			LONG AGO, THE CITY ROSE PURE AND CRYSTALLINE FROM THE HEART OF THE JUNGLE.
		</message>
		<message>
			THE RIVERS WASHED PURE ACROSS THE VERDANT LAND.
		</message>
	</level>
	<level>
		<message>
			THE OLD TALES DO NOT TELL US WHAT THE WIZARD TRULY IS.
		</message>
		<message>
			PERHAPS HE WAS ONCE A MAN, SELECTED FROM THE COUNCILS OF THE WISE.
		</message>
		<message>
			PERHAPS HE WAS BORN OF STEEL AND CRYSTAL.
		</message>
		<message>
			WE KNOW NOT WHAT HE HAS BECOME.
		</message>
		<message>
			THE WIZARD'S ORIGINS ARE SOMEWHAT OBSCURE.
		</message>
	</level>
	<level>
		<message>
			THE DEFENDERS FALTER AND TIRE, YET OUR FOES' HUNGER IS BOTTOMLESS.
		</message>
		<message>
			THE GATES SHUDDER AND WARP...
		</message>
		<message>
			THE GROUND TREMBLES AS THE WIZARD'S HORDE POURS THROUGH THE BROKEN PORTAL...
		</message>
		<message>
			SHOULD YOU SUCCEED, THERE MAY BE NOTHING LEFT TO RETURN TO.
		</message>
		<message>
			WE HAVE NOT CLIMBED OUT OF THE DARKNESS ONLY TO CRINGE AND SHUDDER IN THE LIGHT.
		</message>
		<message>
			"THE WIZARD HAS BEEN DEFEATED"), DEFAULT_LINE_LENGTH);
		</message>
		<message>
			"MANY HAD FALLEN, AND WE HAD LOST THE OUTER WALL. THE SHATTERED REMNANTS OF OUR DEFENDING FORCE SEEMED BEYOND HOPE. YET THE MOMENT THE WIZARD FELL, EVERY FIEND IN HIS ARMY, WITHOUT EXCEPTION, SIMULTANEOUSLY COLLAPSED AS IF THE VERY LIFE HAD FLED THEIR BODIES." 
			+ "
WE CAN NOW BEGIN THE LONG, SLOW TASK OF REBUILDING."), DEFAULT_LINE_LENGTH);
		</message>
		<message>
			"MANY HAD FALLEN, AND WE HAD LOST THE OUTER WALL. THE SHATTERED REMNANTS OF OUR DEFENDING FORCE HAD FALLEN BACK TO THE INNER KEEP. OUR CAUSE SEEMED BEYOND HOPE. YET THE MOMENT THE WIZARD FELL, A STRANGE THING HAPPENED...  EVERY FIEND IN THE RANKS, WITHOUT EXCEPTION, SIMULTANEOUSLY COLLAPSED. A TRIUMPHANT CRY ROSE UP AMONG THE DEFENDERS." 
			+ "WE HAVE NOW BEGUN THE LONG SLOW TASK OF REBUILDING."), DEFAULT_LINE_LENGTH);
		</message>
		<message>
			MAY OUR ANCESTORS WATCH OVER YOU.
		</message>
		<message>
			TO FALL SERVING THE CAUSE IS TO LIVE ETERNALLY.
		</message>
		<message>
			DECLINE OF FORCES AT HOME
		</message>
	</level>
	<level>
		<message>
			TO DIE IN BATTLE IS TO LIVE ETERNALLY.
		</message>
	</level>
</levels>